Date,Time,PM2.5,Humid,Temp,WindSpeed,row
16-Dec,12 AM,19.23,58.91,29.90,0.00,1
16-Dec,1 AM,17.17,58.90,29.65,24.36,2
16-Dec,2 AM,15.96,58.47,29.48,0.00,3
16-Dec,3 AM,18.59,60.10,28.80,0.00,4
16-Dec,4 AM,21.65,62.04,28.09,0.00,5
16-Dec,5 AM,20.86,62.09,28.02,0.00,6
16-Dec,6 AM,17.50,61.37,28.01,0.00,7
16-Dec,7 AM,28.33,56.12,31.66,0.00,8
16-Dec,8 AM,20.70,47.77,36.02,0.00,9
16-Dec,9 AM,16.24,43.19,38.31,11.04,10
16-Dec,10 AM,13.72,36.92,41.20,12.20,11
16-Dec,11 AM,12.92,33.72,42.80,17.38,12
16-Dec,12 PM,12.76,32.08,44.08,27.45,13
16-Dec,1 PM,8.75,29.54,44.92,80.44,14
16-Dec,2 PM,9.09,28.26,46.92,23.63,15
16-Dec,3 PM,8.56,28.01,47.47,14.70,16
16-Dec,4 PM,12.08,29.96,46.74,35.96,17
16-Dec,5 PM,16.49,34.88,43.48,9.54,18
16-Dec,6 PM,33.59,40.14,39.67,3.66,19
16-Dec,7 PM,22.54,47.68,37.05,13.23,20
16-Dec,8 PM,22.36,52.82,35.04,10.78,21
16-Dec,9 PM,20.80,55.13,33.82,0.00,22
16-Dec,10 PM,19.37,56.39,32.98,0.00,23
16-Dec,11 PM,19.41,58.12,32.13,0.00,24
17-Dec,12 AM,20.62,59.54,31.42,0.00,25
17-Dec,1 AM,23.38,59.49,31.19,0.13,26
17-Dec,2 AM,22.32,61.23,30.05,4.84,27
17-Dec,3 AM,19.84,61.52,29.57,4.08,28
17-Dec,4 AM,19.02,61.00,29.50,8.82,29
17-Dec,5 AM,23.91,61.24,29.18,0.00,30
17-Dec,6 AM,36.44,61.24,29.15,0.37,31
17-Dec,7 AM,26.37,56.58,32.05,0.07,32
17-Dec,8 AM,20.47,46.88,37.34,0.33,33
17-Dec,9 AM,21.67,41.65,39.58,14.37,34
17-Dec,10 AM,18.28,36.06,41.74,53.25,35
17-Dec,11 AM,11.70,33.61,42.43,326.47,36
17-Dec,12 PM,8.37,32.99,42.94,230.07,37
17-Dec,1 PM,7.46,32.26,43.84,245.42,38
17-Dec,2 PM,7.98,33.52,43.22,193.92,39
17-Dec,3 PM,8.70,35.78,42.08,162.57,40
17-Dec,4 PM,11.53,38.23,41.46,52.50,41
17-Dec,5 PM,9.87,40.37,39.91,42.88,42
17-Dec,6 PM,8.91,43.70,37.85,31.66,43
17-Dec,7 PM,7.06,45.40,36.71,110.79,44
17-Dec,8 PM,5.67,46.24,36.05,225.45,45
17-Dec,9 PM,6.03,47.35,35.73,242.30,46
17-Dec,10 PM,7.21,48.57,35.15,386.29,47
17-Dec,11 PM,8.54,48.34,34.96,355.01,48
18-Dec,12 AM,8.09,47.01,35.11,41.86,49
18-Dec,1 AM,7.76,46.11,35.08,26.47,50
18-Dec,2 AM,8.79,48.34,34.28,9.63,51
18-Dec,3 AM,9.50,49.61,33.69,0.53,52
18-Dec,4 AM,9.26,49.84,33.29,1.76,53
18-Dec,5 AM,10.88,49.82,32.80,15.88,54
18-Dec,6 AM,15.39,48.51,31.84,146.06,55
18-Dec,7 AM,18.51,48.45,31.20,317.18,56
18-Dec,8 AM,18.01,45.31,32.77,280.02,57
18-Dec,9 AM,17.10,42.28,34.82,219.11,58
18-Dec,10 AM,17.14,39.58,36.74,371.27,59
18-Dec,11 AM,15.79,36.94,38.31,416.99,60
18-Dec,12 PM,14.43,35.26,39.83,323.75,61
18-Dec,1 PM,12.26,32.31,42.03,239.53,62
18-Dec,2 PM,15.75,33.20,41.28,382.24,63
18-Dec,3 PM,13.47,33.99,40.62,416.58,64
18-Dec,4 PM,14.85,35.11,39.73,357.83,65
18-Dec,5 PM,17.04,38.61,37.17,378.97,66
18-Dec,6 PM,19.30,41.79,35.09,211.69,67
18-Dec,7 PM,19.92,43.60,34.16,63.36,68
18-Dec,8 PM,18.05,43.86,33.67,56.38,69
18-Dec,9 PM,21.22,44.75,33.19,36.44,70
18-Dec,10 PM,22.65,48.62,31.83,108.21,71
18-Dec,11 PM,16.47,49.06,31.51,112.06,72
19-Dec,12 AM,11.09,46.51,31.35,260.88,73
19-Dec,1 AM,10.06,46.91,30.68,418.92,74
19-Dec,2 AM,11.50,48.05,30.20,287.81,75
19-Dec,3 AM,10.38,47.13,30.03,198.58,76
19-Dec,4 AM,10.17,47.57,29.86,13.64,77
19-Dec,5 AM,10.39,49.36,29.16,42.78,78
19-Dec,6 AM,10.35,49.34,28.76,87.90,79
19-Dec,7 AM,18.15,48.46,29.78,82.06,80
19-Dec,8 AM,11.94,41.06,33.49,27.57,81
19-Dec,9 AM,10.57,36.63,36.08,36.21,82
19-Dec,10 AM,10.20,34.53,37.41,43.41,83
19-Dec,11 AM,8.67,32.25,39.38,7.88,84
19-Dec,12 PM,8.38,29.95,40.77,40.53,85
19-Dec,1 PM,9.64,32.11,39.75,49.73,86
19-Dec,2 PM,13.59,35.23,38.22,31.70,87
19-Dec,3 PM,19.47,40.11,36.87,18.32,88
19-Dec,4 PM,17.96,39.96,36.00,19.72,89
19-Dec,5 PM,19.09,40.32,34.68,3.68,90
19-Dec,6 PM,32.68,46.58,32.66,0.00,91
19-Dec,7 PM,32.18,49.87,31.31,0.00,92
19-Dec,8 PM,30.58,52.22,30.25,0.94,93
19-Dec,9 PM,28.34,52.87,29.44,10.31,94
19-Dec,10 PM,25.03,51.40,29.13,1.01,95
19-Dec,11 PM,34.05,55.48,27.99,0.00,96
20-Dec,12 AM,31.03,57.95,26.97,0.00,97
20-Dec,1 AM,32.31,59.93,26.19,0.00,98
20-Dec,2 AM,28.88,60.45,25.86,0.81,99
20-Dec,3 AM,26.89,59.33,25.73,1.68,100
20-Dec,4 AM,27.85,61.91,25.10,0.00,101
20-Dec,5 AM,25.84,61.78,24.91,0.00,102
20-Dec,6 AM,33.63,63.37,24.38,0.00,103
20-Dec,7 AM,33.33,58.82,27.47,0.00,104
20-Dec,8 AM,29.36,50.29,31.44,0.60,105
20-Dec,9 AM,26.87,41.39,34.63,8.10,106
20-Dec,10 AM,26.14,37.62,36.40,7.81,107
20-Dec,11 AM,24.56,34.43,38.31,16.86,108
20-Dec,12 PM,21.17,32.43,39.66,24.28,109
20-Dec,1 PM,17.94,30.26,41.04,45.88,110
20-Dec,2 PM,22.09,31.74,40.69,154.57,111
20-Dec,3 PM,27.49,32.71,40.93,59.49,112
20-Dec,4 PM,38.24,34.09,40.33,23.77,113
20-Dec,5 PM,39.72,39.86,36.94,41.70,114
20-Dec,6 PM,44.07,45.99,34.16,1.84,115
20-Dec,7 PM,71.05,48.57,33.15,1.00,116
20-Dec,8 PM,85.58,51.51,32.20,0.44,117
20-Dec,9 PM,61.77,53.24,31.40,0.00,118
20-Dec,10 PM,57.24,55.80,30.10,0.03,119
20-Dec,11 PM,48.77,57.44,29.09,0.00,120
21-Dec,12 AM,51.91,59.16,28.10,0.00,121
21-Dec,1 AM,61.21,60.62,27.41,0.00,122
21-Dec,2 AM,51.67,61.48,26.67,0.00,123
21-Dec,3 AM,40.18,59.88,26.78,0.00,124
21-Dec,4 AM,42.14,61.51,26.26,8.64,125
21-Dec,5 AM,43.00,61.97,25.60,2.69,126
21-Dec,6 AM,45.29,61.45,25.47,6.74,127
21-Dec,7 AM,43.49,57.53,27.77,2.79,128
21-Dec,8 AM,36.69,48.89,32.98,0.15,129
21-Dec,9 AM,28.71,38.77,37.33,1.11,130
21-Dec,10 AM,28.54,34.84,38.82,7.37,131
21-Dec,11 AM,28.71,32.77,40.11,7.88,132
21-Dec,12 PM,28.58,32.12,40.47,8.17,133
21-Dec,1 PM,23.73,30.06,42.05,17.40,134
21-Dec,2 PM,22.96,28.91,42.95,26.75,135
21-Dec,3 PM,31.28,29.70,43.12,71.82,136
21-Dec,4 PM,41.70,33.33,41.16,37.10,137
21-Dec,5 PM,46.77,37.00,38.73,5.99,138
21-Dec,6 PM,50.22,43.45,36.06,0.67,139
21-Dec,7 PM,53.25,49.55,34.05,17.83,140
21-Dec,8 PM,48.27,51.04,33.13,3.17,141
21-Dec,9 PM,48.36,51.57,32.91,0.03,142
21-Dec,10 PM,49.98,53.94,32.14,7.10,143
21-Dec,11 PM,44.94,55.53,31.39,2.95,144
22-Dec,12 AM,37.37,56.70,30.71,7.02,145
22-Dec,1 AM,40.78,59.01,29.66,0.03,146
22-Dec,2 AM,40.07,60.02,29.00,1.78,147
22-Dec,3 AM,34.74,58.75,28.74,1.53,148
22-Dec,4 AM,34.40,59.66,28.34,0.38,149
22-Dec,5 AM,42.55,61.53,28.04,0.82,150
22-Dec,6 AM,43.44,62.15,27.44,0.00,151
22-Dec,7 AM,71.42,60.93,28.09,0.00,152
22-Dec,8 AM,50.35,52.41,33.15,0.13,153
22-Dec,9 AM,33.95,41.07,37.69,0.87,154
22-Dec,10 AM,26.32,35.27,40.29,6.58,155
22-Dec,11 AM,23.64,32.53,41.77,16.89,156
22-Dec,12 PM,21.00,31.15,42.89,22.57,157
22-Dec,1 PM,18.93,28.88,44.07,52.28,158
22-Dec,2 PM,17.16,26.44,45.31,35.98,159
22-Dec,3 PM,20.72,27.46,45.37,54.58,160
22-Dec,4 PM,25.56,31.48,43.76,39.27,161
22-Dec,5 PM,29.40,35.42,41.35,2.88,162
22-Dec,6 PM,39.51,42.35,37.51,1.48,163
22-Dec,7 PM,47.63,50.28,34.53,20.08,164
22-Dec,8 PM,39.64,52.41,32.76,10.33,165
22-Dec,9 PM,42.45,54.39,31.72,14.86,166
22-Dec,10 PM,38.83,54.74,31.35,0.00,167
22-Dec,11 PM,37.87,55.70,30.77,0.00,168
23-Dec,12 AM,40.29,57.16,30.27,0.00,169
23-Dec,1 AM,39.61,58.36,29.76,0.00,170
23-Dec,2 AM,35.98,59.57,29.09,1.91,171
23-Dec,3 AM,29.76,58.67,29.65,0.00,172
23-Dec,4 AM,28.59,58.11,30.21,0.00,173
23-Dec,5 AM,32.28,60.72,29.18,0.23,174
23-Dec,6 AM,31.07,62.02,28.45,0.41,175
23-Dec,7 AM,29.89,58.29,30.66,1.72,176
23-Dec,8 AM,31.02,48.74,35.66,0.00,177
23-Dec,9 AM,27.87,40.50,39.24,2.50,178
23-Dec,10 AM,22.48,36.28,41.08,12.08,179
23-Dec,11 AM,19.80,33.83,42.83,20.55,180
23-Dec,12 PM,15.96,32.16,43.56,44.83,181
23-Dec,1 PM,16.07,31.58,44.64,48.13,182
23-Dec,2 PM,15.21,30.37,45.52,29.71,183
23-Dec,3 PM,14.78,30.80,44.98,31.41,184
23-Dec,4 PM,15.22,35.44,42.64,26.73,185
23-Dec,5 PM,16.66,38.46,40.82,6.55,186
23-Dec,6 PM,23.09,44.05,38.25,0.79,187
23-Dec,7 PM,21.44,46.84,37.06,6.48,188
23-Dec,8 PM,27.55,50.61,35.60,3.07,189
23-Dec,9 PM,21.47,53.10,33.96,102.69,190
23-Dec,10 PM,24.05,56.79,33.55,99.91,191
23-Dec,11 PM,25.05,57.98,33.37,36.52,192
24-Dec,12 AM,24.37,58.77,33.01,15.12,193
24-Dec,1 AM,26.09,59.15,32.79,0.27,194
24-Dec,2 AM,30.84,60.90,32.05,26.81,195
24-Dec,3 AM,29.77,61.12,31.71,0.90,196
24-Dec,4 AM,28.77,61.86,31.15,0.00,197
24-Dec,5 AM,28.91,62.67,30.39,0.00,198
24-Dec,6 AM,32.60,63.12,29.99,0.00,199
24-Dec,7 AM,31.66,60.87,31.78,0.08,200
24-Dec,8 AM,17.31,56.47,33.97,89.60,201
24-Dec,9 AM,20.82,55.59,34.45,120.36,202
24-Dec,10 AM,14.42,48.38,38.23,97.02,203
24-Dec,11 AM,11.74,42.22,41.27,42.84,204
24-Dec,12 PM,11.16,39.03,42.24,81.66,205
24-Dec,1 PM,11.42,36.08,43.86,87.38,206
24-Dec,2 PM,12.54,38.30,43.11,92.13,207
24-Dec,3 PM,11.64,40.02,42.35,18.38,208
24-Dec,4 PM,11.49,40.95,41.91,4.88,209
24-Dec,5 PM,10.14,45.53,39.04,7.33,210
24-Dec,6 PM,10.45,49.27,37.31,3.85,211
24-Dec,7 PM,10.37,52.18,35.60,81.44,212
24-Dec,8 PM,11.39,55.48,34.32,203.30,213
24-Dec,9 PM,12.52,57.13,33.89,152.05,214
24-Dec,10 PM,13.07,58.47,33.39,88.58,215
24-Dec,11 PM,13.24,59.51,33.07,49.28,216
25-Dec,12 AM,14.05,60.95,32.34,57.61,217
25-Dec,1 AM,15.26,62.03,31.74,48.83,218
25-Dec,2 AM,14.51,62.31,31.38,38.21,219
25-Dec,3 AM,13.69,62.48,31.24,31.66,220
25-Dec,4 AM,14.33,62.48,30.83,0.00,221
25-Dec,5 AM,14.64,63.52,30.07,0.00,222
25-Dec,6 AM,13.59,63.66,29.93,0.00,223
25-Dec,7 AM,15.61,59.40,32.94,0.00,224
25-Dec,8 AM,12.09,51.67,37.42,1.65,225
25-Dec,9 AM,9.03,46.55,39.25,66.20,226
25-Dec,10 AM,6.97,43.81,40.42,87.67,227
25-Dec,11 AM,4.67,40.19,41.59,185.23,228
25-Dec,12 PM,4.92,39.16,41.88,151.39,229
25-Dec,1 PM,4.92,37.73,43.08,111.78,230
25-Dec,2 PM,5.09,37.45,43.24,96.00,231
25-Dec,3 PM,6.53,39.33,42.31,171.06,232
25-Dec,4 PM,7.57,42.50,41.10,72.49,233
25-Dec,5 PM,7.00,41.49,41.04,43.07,234
25-Dec,6 PM,9.48,46.90,37.52,17.68,235
25-Dec,7 PM,11.39,50.35,35.97,6.28,236
25-Dec,8 PM,10.53,54.16,34.45,55.62,237
25-Dec,9 PM,10.16,54.72,34.61,7.48,238
25-Dec,10 PM,13.92,56.61,34.22,0.97,239
25-Dec,11 PM,16.66,61.16,32.94,4.68,240
26-Dec,12 AM,18.08,62.61,31.94,13.23,241
26-Dec,1 AM,15.70,62.94,31.41,12.63,242
26-Dec,2 AM,15.30,63.11,31.02,0.00,243
26-Dec,3 AM,14.39,63.61,30.56,0.33,244
26-Dec,4 AM,14.43,64.07,29.91,1.83,245
26-Dec,5 AM,14.03,64.48,29.61,3.60,246
26-Dec,6 AM,11.83,63.45,29.39,0.72,247
26-Dec,7 AM,17.63,60.34,31.74,0.00,248
26-Dec,8 AM,16.48,56.88,34.00,0.13,249
26-Dec,9 AM,6.93,46.61,39.09,2.83,250
26-Dec,10 AM,8.06,40.97,41.18,28.37,251
26-Dec,11 AM,6.96,40.13,40.41,231.45,252
26-Dec,12 PM,7.22,40.41,40.63,255.68,253
26-Dec,1 PM,7.18,39.25,41.59,231.53,254
26-Dec,2 PM,7.04,38.01,42.07,236.30,255
26-Dec,3 PM,6.64,36.72,42.72,161.15,256
26-Dec,4 PM,6.81,36.99,42.86,108.81,257
26-Dec,5 PM,7.68,40.38,41.24,28.34,258
26-Dec,6 PM,12.43,46.11,38.23,3.18,259
26-Dec,7 PM,14.68,49.79,36.81,0.07,260
26-Dec,8 PM,20.76,53.23,35.45,0.00,261
26-Dec,9 PM,16.23,55.08,34.31,0.00,262
26-Dec,10 PM,16.00,56.40,33.56,0.00,263
26-Dec,11 PM,24.31,57.67,32.66,3.23,264
27-Dec,12 AM,32.10,58.21,32.21,0.94,265
27-Dec,1 AM,17.59,58.12,32.01,2.71,266
27-Dec,2 AM,17.58,59.31,31.63,1.43,267
27-Dec,3 AM,20.37,60.21,31.14,0.44,268
27-Dec,4 AM,19.46,60.41,31.06,0.28,269
27-Dec,5 AM,19.11,61.53,30.45,1.71,270
27-Dec,6 AM,16.82,60.79,30.43,0.00,271
27-Dec,7 AM,20.38,57.72,32.50,0.47,272
27-Dec,8 AM,17.69,50.00,36.23,16.29,273
27-Dec,9 AM,9.48,45.77,37.72,92.86,274
27-Dec,10 AM,2.08,40.55,39.48,136.54,275
27-Dec,11 AM,1.82,37.08,41.67,89.93,276
27-Dec,12 PM,2.07,34.94,43.43,74.75,277
27-Dec,1 PM,2.19,34.35,43.89,121.42,278
27-Dec,2 PM,3.18,33.30,45.23,78.88,279
27-Dec,3 PM,2.22,34.38,43.01,318.85,280
27-Dec,4 PM,2.55,35.57,41.87,268.07,281
27-Dec,5 PM,4.79,36.51,41.45,55.17,282
27-Dec,6 PM,3.98,41.59,38.30,82.61,283
27-Dec,7 PM,3.40,45.04,36.39,55.68,284
27-Dec,8 PM,3.04,45.89,35.94,36.46,285
27-Dec,9 PM,2.50,46.53,35.55,98.62,286
27-Dec,10 PM,2.17,45.56,35.65,22.69,287
27-Dec,11 PM,2.70,47.23,34.44,148.83,288
28-Dec,12 AM,3.48,47.87,33.68,71.64,289
28-Dec,1 AM,4.26,50.04,32.85,6.00,290
28-Dec,2 AM,8.79,52.80,31.57,8.01,291
28-Dec,3 AM,7.02,54.07,30.87,1.81,292
28-Dec,4 AM,6.50,56.07,30.18,3.83,293
28-Dec,5 AM,6.41,56.33,29.67,4.99,294
28-Dec,6 AM,7.72,58.14,28.91,19.34,295
28-Dec,7 AM,12.29,53.03,31.10,10.47,296
28-Dec,8 AM,9.92,45.97,34.67,9.99,297
28-Dec,9 AM,4.66,40.74,37.57,12.33,298
28-Dec,10 AM,2.41,36.44,40.23,16.39,299
28-Dec,11 AM,1.86,35.37,40.99,53.12,300
28-Dec,12 PM,1.26,34.65,41.36,141.07,301
28-Dec,1 PM,1.19,35.11,41.30,285.76,302
28-Dec,2 PM,1.43,36.33,40.24,357.07,303
28-Dec,3 PM,1.76,37.43,39.63,334.92,304
28-Dec,4 PM,2.17,37.04,40.04,227.96,305
28-Dec,5 PM,2.71,39.29,38.47,61.93,306
28-Dec,6 PM,2.67,42.00,36.61,81.38,307
28-Dec,7 PM,3.00,44.28,35.01,59.00,308
28-Dec,8 PM,3.84,45.09,34.41,5.61,309
28-Dec,9 PM,4.25,47.28,33.65,1.65,310
28-Dec,10 PM,3.88,47.55,33.44,0.00,311
28-Dec,11 PM,4.82,49.71,32.51,8.24,312
29-Dec,12 AM,5.59,49.89,32.35,2.62,313
29-Dec,1 AM,8.10,52.05,32.13,10.19,314
29-Dec,2 AM,11.72,54.90,31.57,1.52,315
29-Dec,3 AM,10.43,56.56,31.39,0.53,316
29-Dec,4 AM,8.29,56.43,30.87,11.22,317
29-Dec,5 AM,8.94,58.02,30.56,3.24,318
29-Dec,6 AM,8.97,58.19,30.30,0.00,319
29-Dec,7 AM,10.22,52.45,33.89,0.00,320
29-Dec,8 AM,11.49,46.14,36.30,7.87,321
29-Dec,9 AM,7.52,42.46,37.64,27.61,322
29-Dec,10 AM,6.64,40.03,39.49,24.74,323
29-Dec,11 AM,2.52,37.33,40.47,215.58,324
29-Dec,12 PM,2.30,37.49,40.39,201.59,325
29-Dec,1 PM,2.47,36.44,41.38,150.18,326
29-Dec,2 PM,3.63,38.19,40.51,124.40,327
29-Dec,3 PM,3.74,39.29,40.20,43.35,328
29-Dec,4 PM,3.89,39.71,39.62,27.78,329
29-Dec,5 PM,6.56,40.21,38.57,63.54,330
29-Dec,6 PM,6.16,41.66,37.32,22.84,331
29-Dec,7 PM,5.18,43.56,36.57,0.00,332
29-Dec,8 PM,5.32,44.60,35.91,6.15,333
29-Dec,9 PM,4.61,45.72,35.21,33.73,334
29-Dec,10 PM,5.64,47.63,34.53,8.84,335
29-Dec,11 PM,7.67,49.41,33.86,5.68,336
30-Dec,12 AM,14.08,54.11,32.52,0.53,337
30-Dec,1 AM,7.95,52.81,32.35,0.28,338
30-Dec,2 AM,7.38,53.69,31.89,2.18,339
30-Dec,3 AM,10.55,55.90,31.43,3.12,340
30-Dec,4 AM,11.12,57.38,31.09,13.53,341
30-Dec,5 AM,8.19,54.92,31.73,3.48,342
30-Dec,6 AM,11.43,57.97,31.02,29.52,343
30-Dec,7 AM,7.00,56.23,31.06,93.92,344
30-Dec,8 AM,5.63,48.82,34.74,32.90,345
30-Dec,9 AM,5.48,47.75,35.47,15.08,346
30-Dec,10 AM,3.70,42.39,38.22,11.35,347
30-Dec,11 AM,3.57,37.36,41.56,24.35,348
30-Dec,12 PM,2.79,38.34,40.09,132.87,349
30-Dec,1 PM,2.85,38.58,40.23,119.66,350
30-Dec,2 PM,3.34,37.86,40.80,94.41,351
30-Dec,3 PM,4.34,37.43,41.70,9.83,352
30-Dec,4 PM,5.27,40.13,40.36,1.98,353
30-Dec,5 PM,5.92,42.15,39.58,0.40,354
30-Dec,6 PM,7.34,47.50,37.08,23.51,355
30-Dec,7 PM,6.48,49.02,35.36,26.58,356
30-Dec,8 PM,5.58,47.76,35.05,3.33,357
30-Dec,9 PM,4.81,50.38,33.05,192.49,358
30-Dec,10 PM,5.16,51.70,32.18,262.52,359
30-Dec,11 PM,4.68,51.44,32.07,117.75,360
31-Dec,12 AM,3.95,49.64,32.52,220.25,361
31-Dec,1 AM,4.20,49.98,32.44,73.29,362
31-Dec,2 AM,4.65,51.63,31.71,13.72,363
31-Dec,3 AM,4.37,52.38,31.29,7.39,364
31-Dec,4 AM,4.00,53.45,30.77,6.18,365
31-Dec,5 AM,5.85,56.88,29.77,2.29,366
31-Dec,6 AM,15.22,58.93,29.05,37.32,367
31-Dec,7 AM,8.27,57.17,29.93,59.49,368
31-Dec,8 AM,6.59,48.23,34.53,56.86,369
31-Dec,9 AM,6.37,42.50,37.99,21.48,370
31-Dec,10 AM,4.34,40.37,37.62,262.51,371
31-Dec,11 AM,4.43,38.55,38.73,247.77,372
31-Dec,12 PM,4.62,38.79,38.75,285.15,373
31-Dec,1 PM,4.87,39.16,38.45,403.12,374
31-Dec,2 PM,5.07,37.41,40.19,189.59,375
31-Dec,3 PM,4.86,35.70,41.94,34.82,376
31-Dec,4 PM,5.04,33.92,43.26,24.45,377
31-Dec,5 PM,6.34,39.31,38.84,79.09,378
31-Dec,6 PM,5.61,43.87,34.88,109.63,379
31-Dec,7 PM,6.09,44.20,34.27,12.53,380
31-Dec,8 PM,7.54,46.56,33.18,7.15,381
31-Dec,9 PM,7.68,49.51,31.96,21.43,382
31-Dec,10 PM,7.96,50.65,31.36,16.73,383
31-Dec,11 PM,8.24,51.23,31.00,3.38,384
1-Jan,12 AM,7.16,51.89,30.61,2.64,385
1-Jan,1 AM,6.22,52.83,29.94,5.42,386
1-Jan,2 AM,5.96,53.93,29.16,47.31,387
1-Jan,3 AM,6.09,53.77,29.08,39.03,388
1-Jan,4 AM,7.21,56.72,28.15,0.00,389
1-Jan,5 AM,9.08,58.63,27.51,0.13,390
1-Jan,6 AM,11.72,61.07,26.55,2.75,391
1-Jan,7 AM,15.57,57.31,28.74,27.43,392
1-Jan,8 AM,9.80,49.76,32.48,26.34,393
1-Jan,9 AM,8.18,42.99,36.22,19.95,394
1-Jan,10 AM,8.09,40.42,37.60,44.03,395
1-Jan,11 AM,6.76,36.69,40.08,18.88,396
1-Jan,12 PM,5.50,35.43,40.50,131.47,397
1-Jan,1 PM,5.64,35.69,39.96,284.27,398
1-Jan,2 PM,5.75,35.30,40.19,330.30,399
1-Jan,3 PM,6.23,36.44,39.71,359.78,400
1-Jan,4 PM,6.58,38.53,38.45,326.84,401
1-Jan,5 PM,7.00,42.58,35.74,287.17,402
1-Jan,6 PM,7.71,44.48,34.59,217.34,403
1-Jan,7 PM,9.70,45.38,34.28,14.17,404
1-Jan,8 PM,11.52,48.78,33.01,1.47,405
1-Jan,9 PM,10.96,51.13,31.77,74.23,406
1-Jan,10 PM,9.52,50.26,31.69,57.49,407
1-Jan,11 PM,9.91,52.92,30.87,4.88,408
2-Jan,12 AM,10.19,51.78,31.01,76.31,409
2-Jan,1 AM,12.58,56.20,29.61,71.93,410
2-Jan,2 AM,10.93,55.79,29.51,23.48,411
2-Jan,3 AM,11.62,57.72,28.58,0.00,412
2-Jan,4 AM,16.26,59.86,27.80,0.00,413
2-Jan,5 AM,15.84,61.59,27.02,2.52,414
2-Jan,6 AM,14.59,61.43,27.06,5.50,415
2-Jan,7 AM,21.59,58.36,29.19,3.97,416
2-Jan,8 AM,18.48,50.35,33.35,0.78,417
2-Jan,9 AM,11.62,42.19,37.48,12.62,418
2-Jan,10 AM,8.98,39.34,38.30,36.03,419
2-Jan,11 AM,8.07,36.44,40.27,25.03,420
2-Jan,12 PM,7.02,38.11,38.85,108.03,421
2-Jan,1 PM,7.18,36.64,40.02,55.25,422
2-Jan,2 PM,7.09,36.42,40.50,80.47,423
2-Jan,3 PM,6.56,36.36,40.32,17.48,424
2-Jan,4 PM,7.26,35.71,41.09,35.56,425
2-Jan,5 PM,7.86,38.35,38.69,40.57,426
2-Jan,6 PM,11.50,44.39,35.23,13.12,427
2-Jan,7 PM,11.92,48.27,33.35,1.27,428
2-Jan,8 PM,12.78,51.34,32.28,0.13,429
2-Jan,9 PM,13.90,52.56,31.63,3.36,430
2-Jan,10 PM,15.65,53.94,31.07,13.07,431
2-Jan,11 PM,17.14,55.08,30.51,0.78,432
3-Jan,12 AM,18.12,55.60,30.16,2.04,433
3-Jan,1 AM,22.46,58.16,29.36,22.47,434
3-Jan,2 AM,22.28,59.65,28.70,0.54,435
3-Jan,3 AM,24.08,60.09,28.34,0.33,436
3-Jan,4 AM,22.14,60.47,28.00,2.23,437
3-Jan,5 AM,22.97,60.80,27.86,5.20,438
3-Jan,6 AM,20.34,60.70,27.80,6.80,439
3-Jan,7 AM,18.83,56.67,29.96,8.12,440
3-Jan,8 AM,25.35,51.69,32.62,33.93,441
3-Jan,9 AM,8.53,49.42,33.68,14.53,442
3-Jan,10 AM,6.36,44.25,36.76,1.29,443
3-Jan,11 AM,5.41,37.32,40.55,33.17,444
3-Jan,12 PM,4.66,36.15,40.29,145.13,445
3-Jan,1 PM,4.53,34.46,41.14,170.94,446
3-Jan,2 PM,4.71,32.52,43.03,62.44,447
3-Jan,3 PM,5.04,32.51,43.30,76.18,448
3-Jan,4 PM,5.67,34.59,41.96,38.28,449
3-Jan,5 PM,7.18,38.91,38.98,57.34,450
3-Jan,6 PM,8.13,42.64,36.18,91.30,451
3-Jan,7 PM,7.85,43.54,35.44,82.08,452
3-Jan,8 PM,8.21,45.54,34.34,11.32,453
3-Jan,9 PM,10.26,49.29,33.13,2.14,454
3-Jan,10 PM,11.07,51.23,32.47,0.00,455
3-Jan,11 PM,11.20,52.89,31.73,0.03,456
4-Jan,12 AM,11.07,54.10,31.24,0.82,457
4-Jan,1 AM,10.65,55.15,30.74,3.33,458
4-Jan,2 AM,11.12,56.66,30.16,0.05,459
4-Jan,3 AM,10.81,57.57,29.89,5.58,460
4-Jan,4 AM,10.76,57.38,29.88,2.98,461
4-Jan,5 AM,11.47,56.98,30.04,4.65,462
4-Jan,6 AM,15.06,59.82,29.27,2.38,463
4-Jan,7 AM,16.01,59.55,29.82,0.00,464
4-Jan,8 AM,23.85,56.67,31.66,8.60,465
4-Jan,9 AM,22.83,49.23,35.16,24.11,466
4-Jan,10 AM,16.72,46.05,36.85,19.37,467
4-Jan,11 AM,14.75,42.36,38.95,4.74,468
4-Jan,12 PM,14.32,40.19,40.40,15.21,469
4-Jan,1 PM,10.23,35.76,43.03,15.13,470
4-Jan,2 PM,9.50,34.64,43.50,10.96,471
4-Jan,3 PM,7.46,31.93,44.94,17.58,472
4-Jan,4 PM,11.68,34.99,43.48,11.65,473
4-Jan,5 PM,7.35,35.23,41.02,15.49,474
4-Jan,6 PM,9.91,39.99,36.96,4.48,475
4-Jan,7 PM,14.83,46.41,34.76,3.07,476
4-Jan,8 PM,14.36,52.52,33.20,0.08,477
4-Jan,9 PM,13.82,54.29,32.34,0.67,478
4-Jan,10 PM,12.80,54.69,31.84,0.00,479
5-Jan,12 AM,9.23,53.51,31.13,0.40,480
5-Jan,1 AM,9.01,53.06,30.92,4.85,481
5-Jan,2 AM,10.07,55.54,30.26,0.47,482
5-Jan,3 AM,10.46,56.91,29.69,0.30,483
5-Jan,4 AM,12.48,58.55,29.16,0.00,484
5-Jan,5 AM,12.22,60.13,28.37,0.00,485
5-Jan,6 AM,11.67,60.26,28.26,0.00,486
5-Jan,7 AM,19.48,59.12,29.09,2.66,487
5-Jan,8 AM,16.24,49.46,34.90,0.02,488
5-Jan,9 AM,15.26,41.54,38.40,6.80,489
5-Jan,10 AM,13.56,38.34,39.49,19.81,490
5-Jan,11 AM,13.25,35.12,41.67,26.35,491
5-Jan,12 PM,11.29,32.29,43.26,25.98,492
5-Jan,1 PM,7.72,27.16,44.26,58.40,493
5-Jan,2 PM,7.39,25.45,45.25,47.56,494
5-Jan,3 PM,7.08,25.56,45.90,36.93,495
5-Jan,4 PM,13.50,29.42,45.39,33.92,496
5-Jan,5 PM,15.74,34.12,42.52,8.07,497
5-Jan,6 PM,21.09,40.41,38.70,4.88,498
5-Jan,7 PM,25.60,48.42,35.39,15.33,499
5-Jan,8 PM,24.15,51.47,33.75,7.24,500
5-Jan,9 PM,25.20,54.40,32.50,0.09,501
5-Jan,10 PM,23.06,53.73,31.84,4.73,502
5-Jan,11 PM,25.43,56.24,31.00,0.00,503
6-Jan,12 AM,24.20,56.17,30.43,0.17,504
6-Jan,1 AM,28.04,59.03,29.33,0.05,505
6-Jan,2 AM,29.65,59.21,28.64,23.68,506
6-Jan,3 AM,26.03,58.85,28.10,2.94,507
6-Jan,4 AM,19.21,59.79,27.24,2.41,508
6-Jan,5 AM,19.39,59.99,26.95,0.80,509
6-Jan,6 AM,15.95,60.24,26.65,12.06,510
6-Jan,7 AM,15.11,55.52,29.02,1.68,511
6-Jan,8 AM,13.47,45.23,34.85,0.00,512
6-Jan,9 AM,10.04,37.75,38.99,3.07,513
6-Jan,10 AM,9.82,34.12,41.64,15.64,514
6-Jan,11 AM,6.87,29.90,43.07,42.82,515
6-Jan,12 PM,7.60,28.01,43.99,37.56,516
6-Jan,1 PM,7.30,26.58,45.76,27.67,517
6-Jan,2 PM,7.22,24.62,46.81,33.02,518
6-Jan,3 PM,6.37,22.28,47.03,46.80,519
6-Jan,4 PM,5.65,21.76,46.29,65.74,520
6-Jan,5 PM,8.19,24.62,44.86,3.78,521
6-Jan,6 PM,13.66,31.68,40.22,3.72,522
6-Jan,7 PM,20.44,40.49,36.34,16.71,523
6-Jan,8 PM,15.60,43.93,34.65,3.43,524
6-Jan,9 PM,22.65,47.56,33.35,0.00,525
6-Jan,10 PM,26.50,51.54,31.36,36.78,526
6-Jan,11 PM,15.05,47.41,31.20,66.09,527
7-Jan,12 AM,15.91,49.37,30.78,27.93,528
7-Jan,1 AM,14.87,52.09,29.70,14.13,529
7-Jan,2 AM,15.37,52.41,29.29,5.43,530
7-Jan,3 AM,12.50,52.77,28.97,0.00,531
7-Jan,4 AM,13.87,55.57,28.32,0.00,532
7-Jan,5 AM,13.38,56.87,27.92,0.08,533
7-Jan,6 AM,19.88,55.24,28.08,0.00,534
7-Jan,7 AM,24.16,53.07,30.43,2.01,535
7-Jan,8 AM,19.93,45.97,35.31,0.00,536
7-Jan,9 AM,18.69,42.19,38.91,0.58,537
7-Jan,10 AM,8.91,35.40,40.95,109.06,538
7-Jan,11 AM,8.41,34.73,41.09,166.52,539
7-Jan,12 PM,8.45,33.05,42.49,95.10,540
7-Jan,1 PM,7.55,30.87,44.02,94.63,541
7-Jan,2 PM,7.39,29.23,46.03,37.72,542
7-Jan,3 PM,7.24,28.47,46.82,51.37,543
7-Jan,4 PM,6.99,28.23,46.91,20.03,544
7-Jan,5 PM,12.11,30.84,45.35,3.64,545
7-Jan,6 PM,17.09,37.82,40.29,0.78,546
7-Jan,7 PM,20.92,43.09,37.84,3.24,547
7-Jan,8 PM,17.45,47.74,36.06,2.42,548
7-Jan,9 PM,17.75,50.23,34.67,4.00,549
7-Jan,10 PM,20.43,51.57,33.61,2.28,550
7-Jan,11 PM,21.97,53.95,32.63,0.08,551
8-Jan,12 AM,22.72,55.61,31.66,13.86,552
8-Jan,1 AM,17.88,54.37,31.41,7.66,553
8-Jan,2 AM,17.57,57.22,30.38,3.54,554
8-Jan,3 AM,14.98,57.89,29.84,1.20,555
8-Jan,4 AM,15.50,59.05,29.20,1.30,556
8-Jan,5 AM,15.48,60.90,28.43,0.09,557
8-Jan,6 AM,20.88,60.14,28.26,0.88,558
8-Jan,7 AM,36.66,54.83,31.24,0.00,559
8-Jan,8 AM,20.27,46.40,36.27,0.00,560
8-Jan,9 AM,13.15,38.34,39.98,1.30,561
8-Jan,10 AM,8.47,32.73,41.63,51.26,562
8-Jan,11 AM,7.82,29.49,42.97,50.83,563
8-Jan,12 PM,7.00,28.04,44.09,62.21,564
8-Jan,1 PM,6.53,26.10,46.00,30.12,565
8-Jan,2 PM,6.47,24.90,47.17,52.17,566
8-Jan,3 PM,6.30,23.72,47.82,38.85,567
8-Jan,4 PM,8.58,25.49,47.07,95.35,568
8-Jan,5 PM,11.37,29.92,43.83,43.62,569
8-Jan,6 PM,18.98,35.08,39.80,5.01,570
8-Jan,7 PM,32.95,41.27,37.05,5.15,571
8-Jan,8 PM,26.36,44.17,35.64,2.72,572
8-Jan,9 PM,29.92,50.08,33.81,0.33,573
8-Jan,10 PM,27.35,52.42,32.63,0.00,574
8-Jan,11 PM,20.18,52.09,31.89,0.00,575
9-Jan,12 AM,24.61,54.20,31.05,0.00,576
9-Jan,1 AM,29.51,57.70,29.82,0.00,577
9-Jan,2 AM,21.95,59.07,28.93,0.00,578
9-Jan,3 AM,19.87,58.58,28.70,0.00,579
9-Jan,4 AM,16.63,58.66,28.21,0.00,580
9-Jan,5 AM,18.47,59.40,27.52,0.00,581
9-Jan,6 AM,23.24,61.11,27.02,0.00,582
9-Jan,7 AM,24.61,56.45,29.63,0.64,583
9-Jan,8 AM,24.98,47.72,34.29,0.00,584
9-Jan,9 AM,22.92,40.84,38.58,3.08,585
9-Jan,10 AM,16.88,36.14,40.04,65.87,586
9-Jan,11 AM,11.92,32.22,41.23,115.26,587
9-Jan,12 PM,9.94,29.50,42.43,117.24,588
9-Jan,1 PM,8.82,26.64,43.72,128.32,589
9-Jan,2 PM,8.35,24.52,46.15,78.94,590
9-Jan,3 PM,8.39,23.57,47.02,65.32,591
9-Jan,4 PM,8.65,24.43,45.28,128.77,592
9-Jan,5 PM,11.99,25.88,44.73,18.62,593
9-Jan,6 PM,23.07,32.90,39.90,10.57,594
9-Jan,7 PM,27.80,41.39,36.30,18.52,595
9-Jan,8 PM,24.97,43.89,34.45,8.84,596
9-Jan,9 PM,20.58,48.31,32.66,0.64,597
9-Jan,10 PM,24.04,51.06,31.53,17.98,598
9-Jan,11 PM,26.21,51.92,30.83,3.17,599
10-Jan,12 AM,27.15,54.60,29.77,0.63,600
10-Jan,1 AM,24.98,57.96,28.58,17.54,601
10-Jan,2 AM,20.15,58.52,28.24,14.01,602
10-Jan,3 AM,17.22,57.43,28.27,5.86,603
10-Jan,4 AM,16.83,57.47,27.96,0.00,604
10-Jan,5 AM,19.70,58.62,27.35,0.23,605
10-Jan,6 AM,17.54,59.05,27.04,1.21,606
10-Jan,7 AM,18.94,53.92,29.73,5.84,607
10-Jan,8 AM,22.26,48.09,33.93,1.47,608
10-Jan,9 AM,24.97,43.19,37.37,4.07,609
10-Jan,10 AM,16.08,36.14,40.52,19.70,610
10-Jan,11 AM,10.16,28.77,42.75,55.13,611
10-Jan,12 PM,9.40,27.02,43.41,51.19,612
10-Jan,1 PM,9.27,26.38,44.67,42.64,613
10-Jan,2 PM,8.53,25.29,45.93,52.74,614
10-Jan,3 PM,9.00,25.26,45.98,51.22,615
10-Jan,4 PM,9.27,24.79,46.86,3.48,616
10-Jan,5 PM,9.54,26.91,44.96,0.00,617
10-Jan,6 PM,12.38,34.15,40.55,0.00,618
10-Jan,7 PM,28.21,41.86,36.83,0.00,619
10-Jan,8 PM,25.32,45.48,34.63,0.00,620
10-Jan,9 PM,26.09,48.91,33.17,0.00,621
10-Jan,10 PM,25.00,50.52,32.29,0.00,622
10-Jan,11 PM,22.30,53.84,31.00,13.53,623
11-Jan,12 AM,25.34,55.12,30.58,3.67,624
11-Jan,1 AM,22.61,57.74,29.57,0.00,625
11-Jan,2 AM,16.95,59.24,28.82,0.00,626
11-Jan,3 AM,15.97,59.45,28.58,0.00,627
11-Jan,4 AM,23.67,59.10,28.66,0.00,628
11-Jan,5 AM,28.22,60.48,28.08,0.00,629
11-Jan,6 AM,19.96,61.61,27.68,0.00,630
11-Jan,7 AM,23.31,58.59,29.61,0.00,631
11-Jan,8 AM,26.75,48.38,35.40,0.00,632
11-Jan,9 AM,21.56,43.25,38.69,1.77,633
11-Jan,10 AM,20.66,37.34,41.15,0.00,634
11-Jan,11 AM,16.96,32.44,42.68,31.68,635
11-Jan,12 PM,12.71,30.87,42.43,112.63,636
11-Jan,1 PM,11.51,29.33,44.15,81.77,637
11-Jan,2 PM,7.62,26.01,45.06,124.69,638
11-Jan,3 PM,7.70,25.55,45.99,98.83,639
11-Jan,4 PM,7.02,25.91,44.85,121.00,640
11-Jan,5 PM,8.13,28.08,43.05,71.53,641
11-Jan,6 PM,12.21,32.58,38.66,88.45,642
11-Jan,7 PM,13.50,36.61,37.02,3.93,643
11-Jan,8 PM,18.45,42.35,34.65,0.28,644
11-Jan,9 PM,11.11,42.08,33.16,72.72,645
11-Jan,10 PM,14.86,43.81,33.17,32.95,646
11-Jan,11 PM,23.71,49.74,31.44,0.00,647
12-Jan,12 AM,22.50,51.99,30.53,0.00,648
12-Jan,1 AM,18.12,53.93,29.69,0.00,649
12-Jan,2 AM,15.93,55.70,29.08,0.00,650
12-Jan,3 AM,16.51,56.58,28.79,0.00,651
12-Jan,4 AM,17.39,58.20,28.10,0.00,652
12-Jan,5 AM,20.19,59.65,27.69,3.08,653
12-Jan,6 AM,15.93,59.96,27.59,2.68,654
12-Jan,7 AM,19.79,56.24,29.94,0.00,655
12-Jan,8 AM,22.63,49.21,34.23,45.89,656
12-Jan,9 AM,18.81,45.06,34.77,243.48,657
12-Jan,10 AM,17.08,43.47,36.70,314.25,658
12-Jan,11 AM,18.19,40.96,38.55,268.37,659
12-Jan,12 PM,14.33,39.41,39.23,379.06,660
12-Jan,1 PM,9.24,35.41,40.83,300.15,661
12-Jan,2 PM,9.03,32.09,42.40,203.72,662
12-Jan,3 PM,8.92,30.81,42.81,227.68,663
12-Jan,4 PM,9.20,30.48,43.10,116.98,664
12-Jan,5 PM,12.40,32.96,41.37,64.79,665
12-Jan,6 PM,16.87,37.82,38.40,3.63,666
12-Jan,7 PM,14.86,41.50,36.23,10.54,667
12-Jan,8 PM,13.65,42.39,35.19,12.73,668
12-Jan,9 PM,12.08,43.27,34.53,0.34,669
12-Jan,10 PM,11.76,45.95,33.58,3.64,670
12-Jan,11 PM,12.29,47.47,32.80,21.10,671
13-Jan,12 AM,13.62,51.43,31.48,8.32,672
13-Jan,1 AM,14.57,53.87,30.83,0.93,673
13-Jan,2 AM,16.50,57.40,29.77,3.08,674
13-Jan,3 AM,17.75,58.54,29.02,0.00,675
13-Jan,4 AM,19.78,60.68,28.20,1.23,676
13-Jan,5 AM,15.50,59.46,28.39,0.40,677
13-Jan,6 AM,17.29,60.65,27.85,0.00,678
13-Jan,7 AM,37.11,57.78,29.68,0.73,679
13-Jan,8 AM,24.49,47.75,35.32,2.65,680
13-Jan,9 AM,18.06,39.83,37.64,57.53,681
13-Jan,10 AM,13.67,34.22,40.00,87.66,682
13-Jan,11 AM,10.83,31.37,40.94,183.09,683
13-Jan,12 PM,9.88,29.01,42.35,124.75,684
13-Jan,1 PM,9.58,26.96,44.15,84.04,685
13-Jan,2 PM,10.00,26.09,45.55,47.53,686
13-Jan,3 PM,10.05,26.34,45.52,92.79,687
13-Jan,4 PM,10.29,27.17,45.39,67.57,688
13-Jan,5 PM,11.29,30.88,42.53,75.28,689
13-Jan,6 PM,17.38,34.74,39.97,1.83,690
13-Jan,7 PM,25.57,38.65,37.89,0.77,691
13-Jan,8 PM,24.04,43.55,36.07,8.85,692
13-Jan,9 PM,25.90,55.06,34.01,26.22,693
13-Jan,10 PM,32.21,56.24,33.37,3.37,694
13-Jan,11 PM,27.14,58.82,32.14,4.55,695
14-Jan,12 AM,24.14,60.58,31.49,2.34,696
14-Jan,1 AM,20.48,61.86,30.61,9.79,697
14-Jan,2 AM,19.22,61.80,30.00,1.19,698
14-Jan,3 AM,16.86,60.89,29.45,2.67,699
14-Jan,4 AM,15.83,60.38,29.00,0.90,700
14-Jan,5 AM,15.84,60.85,28.54,0.27,701
14-Jan,6 AM,17.11,61.32,28.31,1.54,702
14-Jan,7 AM,20.67,57.86,30.31,0.00,703
14-Jan,8 AM,20.24,50.16,34.94,0.01,704
14-Jan,9 AM,28.09,43.50,37.87,8.05,705
14-Jan,10 AM,14.02,38.95,38.42,241.84,706
14-Jan,11 AM,12.28,38.86,37.95,364.80,707
14-Jan,12 PM,15.31,36.86,38.93,317.46,708
14-Jan,1 PM,15.36,33.91,40.49,252.80,709
14-Jan,2 PM,12.84,31.81,42.16,179.15,710
14-Jan,3 PM,12.58,31.05,42.83,117.98,711
14-Jan,4 PM,13.00,31.87,42.01,161.96,712
14-Jan,5 PM,14.97,34.93,40.26,66.09,713
14-Jan,6 PM,19.59,41.01,36.68,58.67,714
14-Jan,7 PM,25.71,43.51,35.08,27.27,715
14-Jan,8 PM,16.95,43.72,34.40,2.28,716
14-Jan,9 PM,17.14,46.54,33.17,5.56,717
14-Jan,10 PM,15.27,47.89,32.42,0.58,718
14-Jan,11 PM,18.63,51.33,31.33,22.08,719
15-Jan,12 AM,25.16,57.02,29.72,0.62,720
15-Jan,1 AM,20.60,56.45,29.53,0.26,721
15-Jan,2 AM,20.11,58.68,28.64,0.00,722
15-Jan,3 AM,19.77,60.10,27.82,27.36,723
15-Jan,4 AM,18.96,60.50,27.38,18.13,724
15-Jan,5 AM,19.91,60.16,27.24,9.28,725
15-Jan,6 AM,21.15,60.16,27.06,0.58,726
15-Jan,7 AM,26.34,56.69,29.22,0.00,727
15-Jan,8 AM,28.03,47.31,35.14,0.00,728
15-Jan,9 AM,18.99,38.54,39.58,5.10,729
15-Jan,10 AM,16.45,34.55,40.39,55.22,730
15-Jan,11 AM,14.38,32.11,41.29,88.89,731
15-Jan,12 PM,14.09,30.48,41.71,124.04,732
15-Jan,1 PM,17.09,28.51,42.90,119.02,733
15-Jan,2 PM,16.30,27.37,44.13,86.51,734
15-Jan,3 PM,16.91,28.25,43.95,106.36,735
15-Jan,4 PM,18.33,28.68,43.60,59.78,736
15-Jan,5 PM,21.33,31.23,41.59,27.18,737
15-Jan,6 PM,28.06,37.20,38.64,2.96,738
15-Jan,7 PM,28.23,42.74,36.26,0.11,739
15-Jan,8 PM,35.40,46.36,34.66,2.95,740
15-Jan,9 PM,28.06,48.39,33.42,38.81,741
15-Jan,10 PM,33.44,49.47,32.90,3.13,742
15-Jan,11 PM,33.66,52.29,31.83,5.81,743
16-Jan,12 AM,27.62,55.73,30.35,15.01,744
16-Jan,1 AM,25.11,57.24,29.50,16.52,745
16-Jan,2 AM,25.79,57.17,29.08,0.00,746
16-Jan,3 AM,26.10,58.08,28.69,0.00,747
16-Jan,4 AM,29.23,58.38,28.50,0.00,748
16-Jan,5 AM,29.89,60.54,27.64,1.80,749
16-Jan,6 AM,30.01,61.00,27.40,1.13,750
16-Jan,7 AM,35.60,57.92,29.40,0.00,751
16-Jan,8 AM,28.03,48.85,34.96,0.00,752
16-Jan,9 AM,25.59,39.48,39.46,0.03,753
16-Jan,10 AM,21.49,34.44,41.82,10.77,754
16-Jan,11 AM,18.58,32.08,42.21,33.50,755
16-Jan,12 PM,18.49,31.10,42.35,71.40,756
16-Jan,1 PM,17.14,29.62,43.36,66.59,757
16-Jan,2 PM,18.30,29.74,43.70,94.32,758
16-Jan,3 PM,15.66,27.94,45.25,36.63,759
16-Jan,4 PM,17.18,27.78,45.29,11.38,760
16-Jan,5 PM,19.54,30.51,43.08,1.00,761
16-Jan,6 PM,28.57,38.03,38.96,0.38,762
16-Jan,7 PM,36.47,43.87,36.18,10.50,763
16-Jan,8 PM,32.28,48.28,34.17,7.83,764
16-Jan,9 PM,36.91,50.90,32.82,3.35,765
16-Jan,10 PM,36.69,53.14,31.95,0.00,766
16-Jan,11 PM,39.10,55.84,30.98,22.74,767
17-Jan,12 AM,38.71,57.99,30.16,17.58,768
17-Jan,1 AM,33.75,58.95,29.38,25.78,769
17-Jan,2 AM,26.60,58.05,29.33,2.01,770
17-Jan,3 AM,25.27,57.83,29.04,4.07,771
17-Jan,4 AM,28.16,58.67,28.52,0.16,772
17-Jan,5 AM,28.17,59.26,28.21,0.00,773
17-Jan,6 AM,32.08,59.73,27.99,2.88,774
17-Jan,7 AM,39.73,59.15,29.40,1.50,775
17-Jan,8 AM,43.29,51.94,33.65,0.44,776
17-Jan,9 AM,45.16,46.70,36.31,2.81,777
17-Jan,10 AM,39.82,40.29,39.52,13.94,778
17-Jan,11 AM,26.40,33.83,41.63,24.96,779
17-Jan,12 PM,22.45,31.17,42.56,63.00,780
17-Jan,1 PM,19.11,29.44,44.24,38.80,781
17-Jan,2 PM,18.23,27.93,45.84,28.11,782
17-Jan,3 PM,15.31,27.05,46.77,22.33,783
17-Jan,4 PM,14.01,27.34,45.88,18.09,784
17-Jan,5 PM,15.80,29.22,44.69,0.00,785
17-Jan,6 PM,18.44,36.22,40.43,3.02,786
17-Jan,7 PM,22.80,41.65,37.64,1.08,787
17-Jan,8 PM,21.82,46.86,35.28,0.45,788
17-Jan,9 PM,24.31,48.06,33.88,4.05,789
17-Jan,10 PM,46.74,50.08,32.84,0.14,790
17-Jan,11 PM,26.47,50.65,31.94,0.58,791
18-Jan,12 AM,26.30,52.73,31.07,0.00,792
18-Jan,1 AM,24.03,54.13,30.26,0.00,793
18-Jan,2 AM,22.07,54.91,29.68,0.00,794
18-Jan,3 AM,21.37,55.55,29.37,0.00,795
18-Jan,4 AM,22.12,55.20,29.39,0.00,796
18-Jan,5 AM,22.93,55.39,29.17,0.00,797
18-Jan,6 AM,22.85,57.10,28.50,0.41,798
18-Jan,7 AM,21.97,53.78,30.82,0.00,799
18-Jan,8 AM,21.19,45.87,35.65,0.05,800
18-Jan,9 AM,16.16,39.69,38.43,2.44,801
18-Jan,10 AM,11.68,35.68,40.55,162.21,802
18-Jan,11 AM,10.33,35.00,39.95,263.73,803
18-Jan,12 PM,9.94,33.33,40.65,271.09,804
18-Jan,1 PM,9.35,31.59,41.41,296.14,805
18-Jan,2 PM,8.53,30.21,42.52,232.04,806
18-Jan,3 PM,8.21,29.57,43.15,181.87,807
18-Jan,4 PM,8.71,29.79,43.54,99.90,808
18-Jan,5 PM,9.03,32.75,41.57,65.93,809
18-Jan,6 PM,10.48,39.67,37.32,122.87,810
18-Jan,7 PM,11.19,39.98,36.23,108.38,811
18-Jan,8 PM,11.06,41.24,35.30,75.69,812
18-Jan,9 PM,9.15,42.54,34.39,117.65,813
18-Jan,10 PM,8.44,43.34,33.82,65.46,814
18-Jan,11 PM,8.72,46.09,32.72,17.78,815
19-Jan,12 AM,11.36,48.75,31.77,44.96,816
19-Jan,1 AM,11.58,50.61,31.04,17.33,817
19-Jan,2 AM,11.03,52.03,30.54,3.75,818
19-Jan,3 AM,11.23,53.32,30.03,0.38,819
19-Jan,4 AM,10.62,54.44,29.38,0.38,820
19-Jan,5 AM,10.67,55.20,29.00,0.00,821
19-Jan,6 AM,11.71,55.99,28.55,1.90,822
19-Jan,7 AM,16.04,53.54,29.98,0.15,823
19-Jan,8 AM,16.02,47.76,33.51,14.83,824
19-Jan,9 AM,8.97,40.94,36.58,75.48,825
19-Jan,10 AM,6.60,37.73,38.05,162.39,826
19-Jan,11 AM,6.52,37.44,38.48,175.93,827
19-Jan,12 PM,6.55,36.72,38.98,209.78,828
19-Jan,1 PM,6.37,33.77,40.82,220.31,829
19-Jan,2 PM,6.12,32.21,41.96,166.76,830
19-Jan,3 PM,5.95,30.72,42.45,155.77,831
19-Jan,4 PM,5.96,30.81,42.09,127.89,832
19-Jan,5 PM,12.87,32.50,40.79,35.86,833
19-Jan,6 PM,10.71,36.98,37.79,2.42,834
19-Jan,7 PM,13.97,40.75,35.74,1.02,835
19-Jan,8 PM,13.17,44.36,33.82,16.91,836
19-Jan,9 PM,10.31,44.77,33.44,0.16,837
19-Jan,10 PM,11.29,48.28,32.09,0.00,838
19-Jan,11 PM,12.76,51.93,30.89,0.00,839
20-Jan,12 AM,12.71,54.07,30.02,12.53,840
20-Jan,1 AM,15.80,55.37,29.27,26.66,841
20-Jan,2 AM,16.02,56.30,28.82,0.00,842
20-Jan,3 AM,18.24,59.03,27.91,1.09,843
20-Jan,4 AM,19.83,60.17,27.46,0.00,844
20-Jan,5 AM,14.51,60.15,27.24,0.00,845
20-Jan,6 AM,13.32,60.50,27.02,0.00,846
20-Jan,7 AM,13.56,58.13,29.00,0.00,847
20-Jan,8 AM,16.17,48.45,33.93,3.08,848
20-Jan,9 AM,18.35,43.68,36.34,115.87,849
20-Jan,10 AM,10.77,41.03,36.99,251.78,850
20-Jan,11 AM,9.50,39.30,38.01,337.16,851
20-Jan,12 PM,8.50,37.84,39.18,288.84,852
20-Jan,1 PM,9.39,35.07,41.18,146.09,853
20-Jan,2 PM,9.89,31.98,42.65,128.07,854
20-Jan,3 PM,12.66,31.06,43.46,100.33,855
20-Jan,4 PM,12.78,30.55,43.32,21.27,856
20-Jan,5 PM,14.80,32.75,41.38,0.03,857
20-Jan,6 PM,16.85,39.97,38.43,0.57,858
20-Jan,7 PM,30.95,43.38,37.16,0.33,859
20-Jan,8 PM,26.18,45.96,35.80,35.96,860
20-Jan,9 PM,31.55,49.74,35.04,7.33,861
20-Jan,10 PM,30.84,51.32,34.74,0.00,862
20-Jan,11 PM,26.44,53.44,33.60,0.00,863
21-Jan,12 AM,27.39,55.09,33.07,0.00,864
21-Jan,1 AM,25.15,55.22,33.14,0.00,865
21-Jan,2 AM,28.01,57.81,32.55,0.00,866
21-Jan,3 AM,32.67,62.54,30.92,12.47,867
21-Jan,4 AM,31.67,66.49,29.27,47.94,868
21-Jan,5 AM,31.93,64.29,29.70,35.15,869
21-Jan,6 AM,28.54,67.56,28.53,110.59,870
21-Jan,7 AM,24.86,67.62,28.44,14.98,871
21-Jan,8 AM,20.57,68.08,28.55,34.70,872
21-Jan,9 AM,16.63,65.23,30.72,0.95,873
21-Jan,10 AM,15.16,56.05,35.71,2.69,874
21-Jan,11 AM,15.84,50.25,38.87,1.49,875
21-Jan,12 PM,15.92,46.65,39.89,25.36,876
21-Jan,1 PM,12.91,41.79,40.66,49.27,877
21-Jan,2 PM,12.65,38.96,40.74,111.39,878
21-Jan,3 PM,17.90,41.35,39.70,8.98,879
21-Jan,4 PM,18.57,40.36,40.36,0.07,880
21-Jan,5 PM,23.25,44.38,39.01,0.00,881
21-Jan,6 PM,29.85,51.46,36.49,0.61,882
21-Jan,7 PM,32.36,55.24,34.32,0.02,883
21-Jan,8 PM,32.93,56.91,33.35,0.80,884
21-Jan,9 PM,27.97,57.08,32.97,0.07,885
21-Jan,10 PM,32.31,58.84,32.26,0.00,886
21-Jan,11 PM,33.68,59.55,32.35,1.19,887
22-Jan,12 AM,37.76,60.46,31.55,3.06,888
22-Jan,1 AM,37.11,61.41,30.99,0.38,889
22-Jan,2 AM,35.67,62.11,30.71,0.36,890
22-Jan,3 AM,35.48,62.41,30.46,0.00,891
22-Jan,4 AM,36.93,63.19,30.22,0.37,892
22-Jan,5 AM,41.99,62.90,29.84,1.47,893
22-Jan,6 AM,40.27,63.16,29.70,2.03,894
22-Jan,7 AM,39.11,62.46,30.32,0.00,895
22-Jan,8 AM,36.82,59.88,32.39,0.00,896
22-Jan,9 AM,30.97,52.72,35.99,23.72,897
22-Jan,10 AM,18.68,48.38,38.27,53.39,898
22-Jan,11 AM,16.19,45.54,39.81,53.68,899
22-Jan,12 PM,18.20,44.45,40.14,25.53,900
22-Jan,1 PM,18.66,45.21,39.90,20.04,901
22-Jan,2 PM,17.27,46.37,39.73,121.46,902
22-Jan,3 PM,12.49,40.67,42.05,67.13,903
22-Jan,4 PM,11.24,44.19,40.11,115.12,904
22-Jan,5 PM,14.47,51.41,37.31,43.15,905
22-Jan,6 PM,14.57,56.24,34.53,36.43,906
22-Jan,7 PM,16.44,60.57,32.20,145.42,907
22-Jan,8 PM,15.62,62.83,31.10,143.83,908
22-Jan,9 PM,13.20,62.09,30.88,123.60,909
22-Jan,10 PM,8.77,59.54,31.79,13.95,910
22-Jan,11 PM,7.29,59.97,31.50,5.23,911
23-Jan,12 AM,9.99,60.51,31.33,0.10,912
23-Jan,1 AM,9.90,60.82,31.43,0.08,913
23-Jan,2 AM,10.26,61.32,31.22,0.00,914
23-Jan,3 AM,11.12,62.64,30.73,0.36,915
23-Jan,4 AM,11.52,63.32,30.63,0.43,916
23-Jan,5 AM,11.98,63.09,30.76,0.00,917
23-Jan,6 AM,11.42,63.77,30.46,0.00,918
23-Jan,7 AM,15.48,63.75,30.99,0.01,919
23-Jan,8 AM,14.15,58.64,33.88,8.73,920
23-Jan,9 AM,14.90,56.33,35.10,43.63,921
23-Jan,10 AM,9.90,47.73,39.39,3.32,922
23-Jan,11 AM,9.89,41.83,41.45,13.38,923
23-Jan,12 PM,9.74,38.72,41.79,38.48,924
23-Jan,1 PM,9.93,35.49,43.12,32.77,925
23-Jan,2 PM,14.18,31.96,45.05,21.54,926
23-Jan,3 PM,13.29,31.04,45.53,20.43,927
23-Jan,4 PM,12.78,30.73,45.69,20.34,928
23-Jan,5 PM,7.88,32.94,43.50,7.69,929
23-Jan,6 PM,11.01,39.03,39.55,0.00,930
23-Jan,7 PM,20.41,48.30,36.33,2.16,931
23-Jan,8 PM,23.55,52.70,34.05,9.45,932
23-Jan,9 PM,13.07,54.90,32.37,14.58,933
23-Jan,10 PM,16.34,56.41,31.63,7.53,934
23-Jan,11 PM,24.96,59.44,30.57,12.90,935
24-Jan,12 AM,17.78,59.62,30.09,2.30,936
24-Jan,1 AM,17.07,60.72,29.37,5.97,937
24-Jan,2 AM,16.35,61.09,29.13,2.23,938
24-Jan,3 AM,15.73,62.18,28.57,2.72,939
24-Jan,4 AM,14.75,62.18,28.54,0.78,940
24-Jan,5 AM,15.19,62.92,28.24,0.00,941
24-Jan,6 AM,15.11,62.93,28.27,0.00,942
24-Jan,7 AM,16.14,59.68,30.50,0.00,943
24-Jan,8 AM,16.43,51.87,35.84,0.00,944
24-Jan,9 AM,8.89,46.16,39.76,9.11,945
24-Jan,10 AM,5.33,43.12,40.52,41.10,946
24-Jan,11 AM,6.19,38.48,41.62,44.50,947
24-Jan,12 PM,13.43,35.40,42.82,24.66,948
24-Jan,1 PM,19.76,31.81,44.26,67.08,949
24-Jan,2 PM,17.69,30.59,45.12,48.06,950
24-Jan,3 PM,9.38,26.96,46.07,34.48,951
24-Jan,4 PM,5.59,25.37,46.00,10.52,952
24-Jan,5 PM,5.92,26.91,44.06,1.40,953
24-Jan,6 PM,14.10,33.38,39.10,0.17,954
24-Jan,7 PM,17.69,42.86,36.08,12.68,955
24-Jan,8 PM,15.93,48.87,33.78,16.38,956
24-Jan,9 PM,12.62,50.88,32.57,9.27,957
24-Jan,10 PM,11.63,52.87,31.60,15.64,958
24-Jan,11 PM,11.59,54.63,30.72,24.73,959
25-Jan,12 AM,15.11,57.00,29.93,36.28,960
25-Jan,1 AM,22.10,58.24,29.38,5.40,961
25-Jan,2 AM,18.38,59.41,28.67,10.27,962
25-Jan,3 AM,16.20,59.03,28.56,9.84,963
25-Jan,4 AM,16.42,59.33,28.46,4.60,964
25-Jan,5 AM,16.91,60.36,28.47,1.12,965
25-Jan,6 AM,19.20,61.32,28.36,0.03,966
25-Jan,7 AM,16.42,58.39,30.66,0.13,967
25-Jan,8 AM,19.65,51.24,35.29,0.97,968
25-Jan,9 AM,20.68,47.42,37.94,5.85,969
25-Jan,10 AM,15.60,42.12,39.73,40.68,970
25-Jan,11 AM,13.47,35.79,42.25,18.07,971
25-Jan,12 PM,13.48,32.43,43.81,12.84,972
25-Jan,1 PM,12.32,28.67,45.89,22.12,973
25-Jan,2 PM,17.65,27.78,46.63,31.06,974
25-Jan,3 PM,23.18,27.89,46.84,6.48,975
25-Jan,4 PM,18.47,27.70,46.32,0.22,976
25-Jan,5 PM,30.37,32.35,43.71,0.22,977
25-Jan,6 PM,27.60,37.63,39.91,0.00,978
25-Jan,7 PM,34.80,46.94,36.58,2.92,979
25-Jan,8 PM,26.99,48.77,34.51,14.67,980
25-Jan,9 PM,22.69,49.79,32.97,7.75,981
25-Jan,10 PM,21.15,50.11,32.30,2.00,982
25-Jan,11 PM,24.44,51.99,31.89,19.41,983
26-Jan,12 AM,39.04,57.50,30.07,29.98,984
26-Jan,1 AM,35.55,57.32,29.67,19.08,985
26-Jan,2 AM,31.77,57.45,29.63,3.67,986
26-Jan,3 AM,28.94,58.30,29.29,11.57,987
26-Jan,4 AM,26.19,59.60,29.29,0.00,988
26-Jan,5 AM,24.14,60.28,28.85,0.20,989
26-Jan,6 AM,23.89,60.59,28.59,7.10,990
26-Jan,7 AM,23.76,58.88,30.23,2.16,991
26-Jan,8 AM,20.63,50.92,35.36,4.53,992
26-Jan,9 AM,18.77,48.27,39.71,5.63,993
26-Jan,10 AM,19.71,48.96,39.38,17.74,994
26-Jan,11 AM,17.98,42.52,41.85,23.91,995
26-Jan,12 PM,21.22,38.73,43.27,43.98,996
26-Jan,1 PM,17.34,36.82,43.86,99.33,997
26-Jan,2 PM,26.55,32.45,45.69,50.50,998
26-Jan,3 PM,31.64,29.75,46.74,26.63,999
26-Jan,4 PM,47.26,32.70,44.86,5.36,1000
26-Jan,5 PM,42.14,37.10,42.45,8.19,1001
26-Jan,6 PM,52.93,39.70,39.91,0.51,1002
26-Jan,7 PM,54.94,43.95,38.39,0.28,1003
26-Jan,8 PM,51.27,48.29,36.99,0.00,1004
26-Jan,9 PM,56.69,51.95,35.52,6.36,1005
26-Jan,10 PM,56.18,55.54,34.46,1.32,1006
26-Jan,11 PM,45.26,56.68,33.70,0.45,1007
27-Jan,12 AM,32.02,58.20,32.46,6.31,1008
27-Jan,1 AM,31.81,58.70,31.96,1.48,1009
27-Jan,2 AM,31.79,59.97,31.40,1.86,1010
27-Jan,3 AM,28.16,59.97,31.48,0.00,1011
27-Jan,4 AM,29.91,60.95,30.89,0.10,1012
27-Jan,5 AM,28.99,61.83,30.57,0.02,1013
27-Jan,6 AM,28.08,61.76,30.51,1.03,1014
27-Jan,7 AM,29.39,59.94,31.80,0.00,1015
27-Jan,8 AM,32.15,54.69,35.81,0.53,1016
27-Jan,9 AM,22.39,48.07,39.95,3.23,1017
27-Jan,10 AM,18.05,45.12,40.95,17.17,1018
27-Jan,11 AM,22.45,40.91,42.94,19.68,1019
27-Jan,12 PM,25.41,37.76,44.10,24.82,1020
27-Jan,1 PM,23.93,34.63,44.91,39.48,1021
27-Jan,2 PM,26.45,31.92,46.65,26.36,1022
27-Jan,3 PM,21.55,35.62,45.01,126.26,1023
27-Jan,4 PM,21.45,40.10,41.92,53.17,1024
27-Jan,5 PM,32.01,46.19,39.30,16.40,1025
27-Jan,6 PM,33.29,50.56,37.14,44.49,1026
27-Jan,7 PM,37.25,51.69,36.21,0.47,1027
27-Jan,8 PM,50.37,54.05,35.25,0.13,1028
27-Jan,9 PM,67.79,57.08,34.43,3.56,1029
27-Jan,10 PM,54.13,59.53,33.20,1.37,1030
27-Jan,11 PM,59.07,59.42,33.34,0.03,1031
28-Jan,12 AM,47.20,60.07,32.76,2.48,1032
28-Jan,1 AM,45.94,61.38,31.87,3.50,1033
28-Jan,2 AM,45.46,62.05,31.49,0.00,1034
28-Jan,3 AM,41.67,61.82,31.42,0.00,1035
28-Jan,4 AM,42.32,61.66,31.38,0.00,1036
28-Jan,5 AM,46.55,61.79,31.27,0.00,1037
28-Jan,6 AM,48.54,62.61,30.87,0.00,1038
28-Jan,7 AM,49.51,62.09,31.32,1.08,1039
28-Jan,8 AM,35.69,57.02,35.49,0.00,1040
28-Jan,9 AM,20.57,51.90,39.34,16.46,1041
28-Jan,10 AM,20.20,49.15,40.31,31.73,1042
28-Jan,11 AM,22.29,43.62,42.27,27.11,1043
28-Jan,12 PM,25.10,40.66,43.07,37.03,1044
28-Jan,1 PM,30.05,39.68,43.50,31.74,1045
28-Jan,2 PM,34.50,37.44,45.15,8.98,1046
28-Jan,3 PM,25.48,33.00,45.97,17.25,1047
28-Jan,4 PM,34.93,35.81,43.70,26.86,1048
28-Jan,5 PM,46.13,39.41,42.36,3.62,1049
28-Jan,6 PM,46.37,47.68,39.14,5.03,1050
28-Jan,7 PM,50.65,51.17,37.62,1.07,1051
28-Jan,8 PM,49.40,53.86,35.95,2.03,1052
28-Jan,9 PM,51.94,55.58,35.21,0.37,1053
28-Jan,10 PM,54.64,57.43,34.35,0.00,1054
28-Jan,11 PM,60.44,60.35,33.08,5.66,1055
29-Jan,12 AM,55.38,60.95,32.68,0.38,1056
29-Jan,1 AM,53.24,61.26,32.43,0.00,1057
29-Jan,2 AM,50.33,61.43,32.42,0.10,1058
29-Jan,3 AM,49.98,61.60,32.37,0.00,1059
29-Jan,4 AM,48.33,62.31,32.34,0.33,1060
29-Jan,5 AM,46.48,63.41,31.78,0.14,1061
29-Jan,6 AM,45.06,63.30,31.70,0.00,1062
29-Jan,7 AM,58.69,63.45,32.03,1.18,1063
29-Jan,8 AM,47.68,58.26,35.63,0.22,1064
29-Jan,9 AM,29.31,51.37,39.38,4.97,1065
29-Jan,10 AM,30.45,47.26,40.60,14.37,1066
29-Jan,11 AM,32.84,43.77,42.10,22.83,1067
29-Jan,12 PM,34.17,39.96,43.66,40.02,1068
29-Jan,1 PM,30.33,37.72,44.32,49.09,1069
29-Jan,2 PM,33.78,36.08,45.85,3.00,1070
29-Jan,3 PM,39.38,38.27,44.42,3.67,1071
29-Jan,4 PM,44.53,39.80,43.57,70.58,1072
29-Jan,5 PM,36.73,39.96,42.91,12.10,1073
29-Jan,6 PM,37.48,45.66,40.39,0.00,1074
29-Jan,7 PM,54.46,50.76,38.33,0.00,1075
29-Jan,8 PM,56.59,54.30,36.75,0.19,1076
29-Jan,9 PM,55.37,56.88,35.33,0.04,1077
29-Jan,10 PM,53.18,58.28,34.41,0.03,1078
29-Jan,11 PM,50.81,59.56,33.60,0.77,1079
30-Jan,12 AM,47.92,60.24,33.14,0.00,1080
30-Jan,1 AM,45.79,60.91,32.89,0.10,1081
30-Jan,2 AM,41.87,61.97,32.36,0.00,1082
30-Jan,3 AM,35.93,62.32,32.29,0.28,1083
30-Jan,4 AM,38.00,62.76,32.16,0.88,1084
30-Jan,5 AM,36.43,62.18,32.44,0.00,1085
30-Jan,6 AM,37.85,63.00,32.19,0.00,1086
30-Jan,7 AM,35.01,62.29,32.63,0.00,1087
30-Jan,8 AM,37.21,59.54,35.17,3.52,1088
30-Jan,9 AM,32.30,55.32,37.82,8.76,1089
30-Jan,10 AM,26.77,48.86,40.48,7.48,1090
30-Jan,11 AM,25.16,41.39,43.68,15.39,1091
30-Jan,12 PM,36.98,39.12,43.89,24.78,1092
30-Jan,1 PM,31.40,36.04,44.76,51.32,1093
30-Jan,2 PM,19.21,29.14,46.13,105.06,1094
30-Jan,3 PM,28.41,29.30,45.78,76.14,1095
30-Jan,4 PM,37.10,30.72,45.23,64.83,1096
30-Jan,5 PM,25.49,32.40,44.17,0.87,1097
30-Jan,6 PM,19.05,35.92,40.63,0.00,1098
30-Jan,7 PM,38.11,42.70,37.69,4.34,1099
30-Jan,8 PM,30.45,49.70,34.85,7.29,1100
30-Jan,9 PM,20.92,51.55,33.21,25.70,1101
30-Jan,10 PM,21.12,52.06,32.89,1.53,1102
30-Jan,11 PM,19.81,54.31,32.04,2.50,1103
31-Jan,12 AM,21.70,57.57,30.99,4.67,1104
31-Jan,1 AM,21.26,58.71,30.72,0.13,1105
31-Jan,2 AM,21.90,60.94,30.21,3.62,1106
31-Jan,3 AM,22.24,61.26,30.09,1.66,1107
31-Jan,4 AM,22.52,62.59,29.94,3.45,1108
31-Jan,5 AM,21.15,63.34,29.99,6.58,1109
31-Jan,6 AM,24.66,65.12,30.26,2.80,1110
31-Jan,7 AM,28.42,62.82,31.61,0.00,1111
31-Jan,8 AM,23.76,55.02,37.22,5.18,1112
31-Jan,9 AM,18.76,50.81,39.04,25.98,1113
31-Jan,10 AM,17.59,45.42,40.89,40.68,1114
31-Jan,11 AM,15.41,43.10,41.18,83.69,1115
31-Jan,12 PM,14.38,38.40,42.37,100.53,1116
31-Jan,1 PM,11.96,34.47,44.07,110.54,1117
31-Jan,2 PM,18.06,33.08,44.65,150.94,1118
31-Jan,3 PM,22.69,34.24,44.66,76.24,1119
31-Jan,4 PM,18.07,37.77,43.29,73.27,1120
31-Jan,5 PM,14.72,41.21,41.61,108.45,1121
31-Jan,6 PM,14.55,46.72,38.70,107.98,1122
31-Jan,7 PM,15.09,49.74,37.24,59.74,1123
31-Jan,8 PM,18.15,51.95,36.45,0.00,1124
31-Jan,9 PM,20.65,54.28,35.50,0.00,1125
31-Jan,10 PM,19.93,57.20,34.31,4.60,1126
31-Jan,11 PM,19.63,58.83,33.50,0.00,1127
1-Feb,12 AM,19.71,60.49,32.71,0.00,1128
1-Feb,1 AM,20.03,62.00,31.87,0.73,1129
1-Feb,2 AM,21.52,63.32,31.16,5.69,1130
1-Feb,3 AM,21.46,63.27,30.96,2.54,1131
1-Feb,4 AM,19.17,62.41,31.46,0.00,1132
1-Feb,5 AM,18.34,62.38,31.61,0.27,1133
1-Feb,6 AM,18.48,62.26,32.03,0.00,1134
1-Feb,7 AM,21.72,62.38,32.61,2.40,1135
1-Feb,8 AM,24.46,58.68,35.45,27.58,1136
1-Feb,9 AM,20.52,52.08,38.57,56.03,1137
1-Feb,10 AM,20.50,47.81,39.95,45.43,1138
1-Feb,11 AM,17.61,44.09,41.23,53.43,1139
1-Feb,12 PM,21.59,44.21,40.86,33.34,1140
1-Feb,1 PM,16.23,39.55,43.60,33.43,1141
1-Feb,2 PM,18.89,39.66,43.25,7.68,1142
1-Feb,3 PM,23.73,38.16,44.23,1.28,1143
1-Feb,4 PM,31.23,38.86,43.58,25.76,1144
1-Feb,5 PM,23.63,44.55,41.03,105.37,1145
1-Feb,6 PM,29.14,51.44,37.82,165.78,1146
1-Feb,7 PM,29.79,54.45,36.11,122.45,1147
1-Feb,8 PM,21.49,54.42,35.84,4.41,1148
1-Feb,9 PM,14.24,54.77,35.74,0.58,1149
1-Feb,10 PM,13.78,56.78,35.16,0.00,1150
1-Feb,11 PM,15.02,57.87,34.82,0.00,1151
2-Feb,12 AM,18.26,59.63,34.08,0.06,1152
2-Feb,1 AM,20.44,60.90,33.32,0.73,1153
2-Feb,2 AM,21.77,61.13,33.06,0.00,1154
2-Feb,3 AM,23.87,61.70,32.81,0.02,1155
2-Feb,4 AM,29.33,62.84,32.39,1.02,1156
2-Feb,5 AM,32.55,63.04,32.27,0.09,1157
2-Feb,6 AM,92.14,64.59,31.72,0.64,1158
2-Feb,7 AM,28.20,62.27,33.18,2.99,1159
2-Feb,8 AM,12.76,55.49,36.86,7.23,1160
2-Feb,9 AM,8.76,49.77,39.70,5.63,1161
2-Feb,10 AM,12.16,47.92,40.47,15.13,1162
2-Feb,11 AM,15.24,44.03,42.45,36.45,1163
2-Feb,12 PM,15.91,42.40,42.61,44.03,1164
2-Feb,1 PM,17.20,40.58,43.11,20.99,1165
2-Feb,2 PM,21.60,35.72,44.85,40.47,1166
2-Feb,3 PM,22.77,35.59,45.00,47.19,1167
2-Feb,4 PM,20.00,37.68,43.96,103.08,1168
2-Feb,5 PM,13.57,45.87,40.22,294.88,1169
2-Feb,6 PM,10.02,52.39,37.62,84.68,1170
2-Feb,7 PM,9.93,53.92,36.82,2.86,1171
2-Feb,8 PM,9.82,55.92,35.90,2.70,1172
2-Feb,9 PM,13.08,57.67,33.79,92.43,1173
2-Feb,10 PM,8.49,57.13,33.51,29.36,1174
2-Feb,11 PM,9.22,58.27,33.01,6.40,1175
3-Feb,12 AM,10.44,59.41,32.61,0.07,1176
3-Feb,1 AM,12.01,60.31,32.13,0.07,1177
3-Feb,2 AM,16.15,62.18,31.42,2.28,1178
3-Feb,3 AM,15.39,62.85,31.32,1.12,1179
3-Feb,4 AM,15.82,63.17,31.15,2.18,1180
3-Feb,5 AM,17.41,62.15,31.56,0.31,1181
3-Feb,6 AM,27.48,61.39,31.75,1.99,1182
3-Feb,7 AM,23.20,59.31,32.88,2.88,1183
3-Feb,8 AM,10.29,52.78,37.63,0.00,1184
3-Feb,9 AM,5.51,48.32,39.79,16.02,1185
3-Feb,10 AM,14.74,46.10,40.40,12.47,1186
3-Feb,11 AM,7.60,42.73,42.19,41.48,1187
3-Feb,12 PM,7.54,41.92,42.44,37.53,1188
3-Feb,1 PM,12.33,38.52,43.77,33.13,1189
3-Feb,2 PM,15.16,35.07,44.75,78.76,1190
3-Feb,3 PM,11.19,32.60,45.87,68.08,1191
3-Feb,4 PM,13.73,32.44,46.04,34.62,1192
3-Feb,5 PM,10.75,34.68,44.71,2.22,1193
3-Feb,6 PM,16.82,46.29,39.87,134.56,1194
3-Feb,7 PM,20.84,52.92,37.39,5.73,1195
3-Feb,8 PM,12.41,53.76,36.94,0.13,1196
3-Feb,9 PM,15.93,55.79,36.05,0.93,1197
3-Feb,10 PM,21.16,57.61,35.14,0.00,1198
3-Feb,11 PM,21.32,59.25,34.14,0.00,1199
4-Feb,12 AM,20.77,60.01,33.57,0.00,1200
4-Feb,1 AM,22.22,60.98,32.93,0.00,1201
4-Feb,2 AM,22.19,60.66,33.14,0.00,1202
4-Feb,3 AM,22.25,60.49,32.89,0.00,1203
4-Feb,4 AM,19.04,61.36,32.73,1.94,1204
4-Feb,5 AM,18.98,61.85,32.37,0.00,1205
4-Feb,6 AM,25.03,62.49,31.91,0.00,1206
4-Feb,7 AM,23.73,62.69,32.02,0.88,1207
4-Feb,8 AM,26.54,56.98,35.00,8.22,1208
4-Feb,9 AM,23.07,51.67,36.94,81.93,1209
4-Feb,10 AM,19.73,45.78,39.28,216.35,1210
4-Feb,11 AM,18.07,43.67,40.12,273.62,1211
4-Feb,12 PM,21.46,42.76,40.52,312.58,1212
4-Feb,1 PM,18.65,40.10,41.88,243.66,1213
4-Feb,2 PM,16.27,38.29,42.64,283.61,1214
4-Feb,3 PM,20.63,38.65,42.54,277.90,1215
4-Feb,4 PM,20.95,40.57,41.24,292.02,1216
4-Feb,5 PM,21.60,44.89,38.96,141.53,1217
4-Feb,6 PM,21.00,47.02,38.01,39.43,1218
4-Feb,7 PM,17.57,47.18,37.07,57.07,1219
4-Feb,8 PM,16.29,47.23,36.85,4.54,1220
4-Feb,9 PM,16.60,49.52,35.56,36.71,1221
4-Feb,10 PM,16.05,49.81,35.18,4.78,1222
4-Feb,11 PM,16.58,51.44,34.45,4.33,1223
5-Feb,12 AM,24.06,56.28,33.27,10.71,1224
5-Feb,1 AM,32.84,59.08,33.06,2.78,1225
5-Feb,2 AM,35.22,59.96,32.90,0.00,1226
5-Feb,3 AM,35.83,60.71,32.61,0.35,1227
5-Feb,4 AM,35.97,61.87,32.18,4.94,1228
5-Feb,5 AM,19.54,57.07,32.24,7.55,1229
5-Feb,6 AM,14.46,54.57,31.90,42.91,1230
5-Feb,7 AM,14.02,52.73,32.44,11.86,1231
5-Feb,8 AM,15.67,47.50,35.97,0.26,1232
5-Feb,9 AM,30.47,43.26,37.68,142.32,1233
5-Feb,10 AM,33.74,43.60,36.81,283.42,1234
5-Feb,11 AM,34.87,42.04,37.39,318.75,1235
5-Feb,12 PM,23.40,39.52,38.72,341.70,1236
5-Feb,1 PM,24.37,38.31,39.52,388.93,1237
5-Feb,2 PM,20.79,36.76,40.09,336.73,1238
5-Feb,3 PM,16.03,35.92,40.49,328.82,1239
5-Feb,4 PM,12.55,35.78,40.36,260.33,1240
5-Feb,5 PM,13.81,37.57,39.41,135.97,1241
5-Feb,6 PM,15.00,39.92,38.47,0.18,1242
5-Feb,7 PM,15.75,43.14,36.88,1.65,1243
5-Feb,8 PM,16.09,46.11,35.63,56.70,1244
5-Feb,9 PM,13.45,44.54,35.15,80.08,1245
5-Feb,10 PM,14.57,46.24,34.66,5.14,1246
5-Feb,11 PM,15.42,49.00,33.57,0.73,1247
6-Feb,12 AM,16.87,53.03,32.36,1.78,1248
6-Feb,1 AM,15.88,52.71,31.90,0.00,1249
6-Feb,2 AM,17.24,55.33,31.16,0.52,1250
6-Feb,3 AM,15.20,55.19,30.58,1.61,1251
6-Feb,4 AM,15.91,56.54,30.19,0.00,1252
6-Feb,5 AM,16.58,58.29,29.55,0.14,1253
6-Feb,6 AM,38.74,59.41,29.00,0.36,1254
6-Feb,7 AM,32.56,58.06,29.93,0.24,1255
6-Feb,8 AM,26.24,49.61,33.53,4.68,1256
6-Feb,9 AM,22.25,44.20,35.79,5.72,1257
6-Feb,10 AM,23.01,39.20,38.70,66.18,1258
6-Feb,11 AM,24.07,37.09,38.96,241.71,1259
6-Feb,12 PM,27.19,36.26,39.75,256.08,1260
6-Feb,1 PM,24.97,34.85,40.74,215.65,1261
6-Feb,2 PM,20.74,33.90,41.64,195.01,1262
6-Feb,3 PM,18.76,32.77,42.93,118.29,1263
6-Feb,4 PM,16.20,31.98,42.88,116.84,1264
6-Feb,5 PM,16.19,34.00,41.41,61.18,1265
6-Feb,6 PM,20.30,38.41,38.97,1.14,1266
6-Feb,7 PM,21.51,43.29,36.88,0.00,1267
6-Feb,8 PM,23.75,45.23,35.73,1.02,1268
6-Feb,9 PM,22.52,48.14,34.36,3.13,1269
6-Feb,10 PM,21.66,49.67,33.68,0.06,1270
6-Feb,11 PM,22.55,51.79,32.94,0.04,1271
7-Feb,12 AM,24.33,53.84,32.02,8.42,1272
7-Feb,1 AM,26.44,55.56,31.44,8.74,1273
7-Feb,2 AM,31.19,58.34,30.50,5.39,1274
7-Feb,3 AM,30.06,58.76,30.16,0.00,1275
7-Feb,4 AM,28.13,59.45,29.73,0.00,1276
7-Feb,5 AM,27.27,59.51,29.63,0.00,1277
7-Feb,6 AM,28.67,60.48,29.05,0.00,1278
7-Feb,7 AM,30.09,58.97,30.31,0.03,1279
7-Feb,8 AM,30.80,49.84,35.83,0.00,1280
7-Feb,9 AM,31.88,42.69,39.60,12.55,1281
7-Feb,10 AM,27.53,38.35,40.35,109.45,1282
7-Feb,11 AM,25.84,35.77,41.43,150.79,1283
7-Feb,12 PM,28.47,33.93,43.00,80.78,1284
7-Feb,1 PM,32.23,31.66,44.51,61.53,1285
7-Feb,2 PM,26.28,29.61,46.83,23.57,1286
7-Feb,3 PM,33.32,29.91,46.64,11.75,1287
7-Feb,4 PM,71.79,32.36,44.97,102.95,1288
7-Feb,5 PM,46.53,34.78,42.90,46.63,1289
7-Feb,6 PM,59.05,39.20,40.45,0.14,1290
7-Feb,7 PM,68.97,45.69,37.90,6.40,1291
7-Feb,8 PM,66.77,50.10,36.11,12.19,1292
7-Feb,9 PM,61.85,52.94,34.57,38.88,1293
7-Feb,10 PM,59.63,53.53,34.06,0.57,1294
7-Feb,11 PM,58.53,54.57,33.56,0.05,1295
8-Feb,12 AM,65.93,56.19,32.82,15.15,1296
8-Feb,1 AM,93.08,58.88,32.04,10.41,1297
8-Feb,2 AM,74.61,60.23,31.13,14.83,1298
8-Feb,3 AM,75.48,60.14,30.93,6.26,1299
8-Feb,4 AM,68.88,60.25,30.69,0.78,1300
8-Feb,5 AM,69.42,60.49,30.38,3.95,1301
8-Feb,6 AM,80.69,60.12,30.48,1.37,1302
8-Feb,7 AM,64.64,58.60,31.82,0.28,1303
8-Feb,8 AM,67.18,51.42,36.70,0.56,1304
8-Feb,9 AM,56.58,47.13,39.67,2.98,1305
8-Feb,10 AM,39.49,41.84,41.86,17.70,1306
8-Feb,11 AM,32.84,36.21,43.47,26.12,1307
8-Feb,12 PM,35.72,35.63,44.45,28.78,1308
8-Feb,1 PM,33.54,32.37,46.17,80.64,1309
8-Feb,2 PM,53.27,30.68,46.85,92.13,1310
8-Feb,3 PM,54.43,30.22,47.21,37.18,1311
8-Feb,4 PM,46.52,30.39,46.94,23.73,1312
8-Feb,5 PM,38.20,32.68,45.40,0.10,1313
8-Feb,6 PM,45.68,38.53,41.84,0.00,1314
8-Feb,7 PM,55.11,45.17,39.46,3.76,1315
8-Feb,8 PM,55.02,49.75,37.61,1.35,1316
8-Feb,9 PM,51.62,52.21,36.09,11.87,1317
8-Feb,10 PM,68.54,54.75,34.96,8.82,1318
8-Feb,11 PM,63.42,56.26,34.12,1.98,1319
9-Feb,12 AM,54.16,57.63,33.38,0.63,1320
9-Feb,1 AM,55.36,58.00,32.87,2.83,1321
9-Feb,2 AM,53.67,58.23,32.67,2.28,1322
9-Feb,3 AM,50.42,59.07,32.06,0.77,1323
9-Feb,4 AM,49.07,59.26,32.14,0.00,1324
9-Feb,5 AM,50.79,60.23,31.51,0.30,1325
9-Feb,6 AM,51.12,61.27,31.00,2.78,1326
9-Feb,7 AM,49.34,59.81,32.22,4.23,1327
9-Feb,8 AM,43.03,54.67,36.58,2.36,1328
9-Feb,9 AM,29.42,50.07,39.80,4.48,1329
9-Feb,10 AM,28.51,47.15,41.00,19.15,1330
9-Feb,11 AM,33.67,44.17,42.62,32.08,1331
9-Feb,12 PM,34.41,41.28,43.62,39.68,1332
9-Feb,1 PM,38.37,39.72,44.64,74.94,1333
9-Feb,2 PM,60.84,39.36,45.01,105.60,1334
9-Feb,3 PM,66.10,37.97,45.78,37.95,1335
9-Feb,4 PM,64.87,41.91,43.30,25.47,1336
9-Feb,5 PM,72.70,49.76,39.89,79.05,1337
9-Feb,6 PM,71.43,65.34,32.66,185.26,1338
9-Feb,7 PM,82.25,65.65,32.86,8.36,1339
9-Feb,8 PM,66.59,64.94,32.87,6.38,1340
9-Feb,9 PM,63.80,65.17,32.87,1.89,1341
9-Feb,10 PM,63.82,66.18,32.27,41.94,1342
9-Feb,11 PM,60.43,66.90,31.72,14.17,1343
10-Feb,12 AM,53.42,65.42,32.41,4.33,1344
10-Feb,1 AM,53.31,64.65,32.83,0.00,1345
10-Feb,2 AM,48.74,64.69,32.92,0.14,1346
10-Feb,3 AM,43.95,64.98,32.65,0.00,1347
10-Feb,4 AM,35.98,64.80,32.94,0.62,1348
10-Feb,5 AM,33.73,65.23,32.71,2.66,1349
10-Feb,6 AM,29.66,65.03,32.75,0.15,1350
10-Feb,7 AM,26.15,63.85,33.75,0.15,1351
10-Feb,8 AM,24.32,59.25,36.37,0.00,1352
10-Feb,9 AM,16.47,54.00,38.92,0.00,1353
10-Feb,10 AM,16.20,49.25,40.51,8.68,1354
10-Feb,11 AM,15.81,46.11,41.85,6.37,1355
10-Feb,12 PM,20.48,43.16,43.39,23.23,1356
10-Feb,1 PM,23.78,40.29,44.78,12.73,1357
10-Feb,2 PM,39.79,47.68,40.35,43.09,1358
10-Feb,3 PM,35.34,49.44,39.10,13.57,1359
10-Feb,4 PM,31.94,50.82,38.63,4.04,1360
10-Feb,5 PM,37.33,52.95,37.39,0.27,1361
10-Feb,6 PM,53.26,56.25,36.20,1.07,1362
10-Feb,7 PM,49.19,58.04,35.74,0.00,1363
10-Feb,8 PM,47.29,59.39,35.20,0.00,1364
10-Feb,9 PM,52.99,61.11,34.17,9.99,1365
10-Feb,10 PM,40.83,61.21,33.36,10.83,1366
10-Feb,11 PM,40.94,61.29,33.12,2.58,1367
11-Feb,12 AM,42.89,61.54,33.16,0.29,1368
11-Feb,1 AM,46.67,62.92,32.50,0.00,1369
11-Feb,2 AM,44.75,62.80,32.42,0.00,1370
11-Feb,3 AM,43.05,63.09,32.18,0.00,1371
11-Feb,4 AM,41.36,63.52,32.18,0.00,1372
11-Feb,5 AM,37.39,63.62,32.10,0.00,1373
11-Feb,6 AM,34.67,64.17,31.72,0.07,1374
11-Feb,7 AM,30.49,63.53,32.20,0.00,1375
11-Feb,8 AM,22.78,58.51,35.71,0.53,1376
11-Feb,9 AM,15.83,53.45,39.07,23.05,1377
11-Feb,10 AM,19.41,53.25,38.84,21.82,1378
11-Feb,11 AM,18.87,50.66,40.12,33.41,1379
11-Feb,12 PM,22.45,46.07,41.84,41.08,1380
11-Feb,1 PM,25.67,44.08,42.74,35.12,1381
11-Feb,2 PM,30.50,45.95,40.60,55.03,1382
11-Feb,3 PM,30.09,50.68,38.42,141.52,1383
11-Feb,4 PM,30.85,52.45,38.06,18.53,1384
11-Feb,5 PM,26.54,50.36,37.81,0.10,1385
11-Feb,6 PM,34.81,53.17,36.86,3.38,1386
11-Feb,7 PM,42.40,56.44,35.31,0.85,1387
11-Feb,8 PM,45.27,57.76,34.46,2.93,1388
11-Feb,9 PM,43.86,59.11,34.31,0.00,1389
11-Feb,10 PM,46.56,60.68,33.71,0.00,1390
11-Feb,11 PM,48.40,61.55,33.43,0.00,1391
12-Feb,12 AM,48.79,62.62,33.12,0.02,1392
12-Feb,1 AM,43.28,63.78,32.47,4.68,1393
12-Feb,2 AM,39.41,63.65,32.49,1.16,1394
12-Feb,3 AM,38.34,62.32,32.85,0.00,1395
12-Feb,4 AM,37.82,61.90,32.97,0.00,1396
12-Feb,5 AM,36.98,63.51,32.45,0.00,1397
12-Feb,6 AM,35.78,63.88,32.31,0.00,1398
12-Feb,7 AM,37.46,63.67,32.78,0.50,1399
12-Feb,8 AM,39.05,59.03,35.97,0.00,1400
12-Feb,9 AM,55.73,53.64,38.94,0.10,1401
12-Feb,10 AM,88.43,49.76,40.12,40.06,1402
12-Feb,11 AM,53.44,57.10,36.31,108.79,1403
12-Feb,12 PM,27.13,65.88,31.86,182.09,1404
12-Feb,1 PM,26.29,64.50,33.37,14.02,1405
12-Feb,2 PM,17.43,58.20,35.92,0.00,1406
12-Feb,3 PM,15.96,54.71,38.10,0.80,1407
12-Feb,4 PM,21.55,54.63,37.91,7.70,1408
12-Feb,5 PM,27.50,58.20,36.13,0.27,1409
12-Feb,6 PM,36.43,61.12,34.70,0.00,1410
12-Feb,7 PM,38.44,63.33,33.84,0.03,1411
12-Feb,8 PM,36.63,64.40,33.41,0.00,1412
12-Feb,9 PM,38.83,65.91,32.83,0.00,1413
12-Feb,10 PM,38.13,66.69,32.36,0.00,1414
12-Feb,11 PM,37.83,66.87,32.03,0.00,1415
13-Feb,12 AM,33.15,66.59,32.03,0.00,1416
13-Feb,1 AM,26.30,66.42,31.48,0.00,1417
13-Feb,2 AM,26.12,66.67,31.25,0.00,1418
13-Feb,3 AM,25.14,66.14,30.99,0.00,1419
13-Feb,4 AM,25.55,66.12,30.72,0.00,1420
13-Feb,5 AM,28.31,66.41,30.25,0.59,1421
13-Feb,6 AM,29.27,66.12,30.34,0.00,1422
13-Feb,7 AM,30.04,65.39,31.01,0.00,1423
13-Feb,8 AM,31.76,60.10,34.69,0.00,1424
13-Feb,9 AM,54.13,53.61,38.08,12.64,1425
13-Feb,10 AM,34.72,47.79,41.24,3.00,1426
13-Feb,11 AM,29.66,45.58,42.34,13.72,1427
13-Feb,12 PM,31.13,43.80,43.01,33.72,1428
13-Feb,1 PM,26.12,41.59,43.54,80.81,1429
13-Feb,2 PM,25.89,38.23,44.85,61.00,1430
13-Feb,3 PM,25.01,35.99,45.50,45.88,1431
13-Feb,4 PM,23.70,37.04,45.70,24.34,1432
13-Feb,5 PM,26.48,42.62,42.35,13.58,1433
13-Feb,6 PM,19.28,49.88,38.13,90.55,1434
13-Feb,7 PM,13.01,53.77,35.68,54.13,1435
13-Feb,8 PM,13.38,55.47,34.18,93.32,1436
13-Feb,9 PM,17.57,57.36,33.67,44.18,1437
13-Feb,10 PM,18.29,57.83,33.62,7.95,1438
13-Feb,11 PM,15.88,58.65,33.25,0.00,1439
14-Feb,12 AM,16.80,59.63,33.08,0.00,1440
14-Feb,1 AM,17.60,61.51,32.22,2.87,1441
14-Feb,2 AM,17.31,61.50,32.13,0.08,1442
14-Feb,3 AM,16.77,61.29,32.32,0.73,1443
14-Feb,4 AM,17.35,62.46,31.81,1.00,1444
14-Feb,5 AM,17.44,63.56,31.35,1.69,1445
14-Feb,6 AM,16.75,63.54,31.48,0.00,1446
14-Feb,7 AM,16.14,60.76,33.36,0.00,1447
14-Feb,8 AM,17.00,57.11,35.90,0.53,1448
14-Feb,9 AM,12.75,50.80,39.98,3.68,1449
14-Feb,10 AM,10.49,45.19,42.09,28.03,1450
14-Feb,11 AM,12.20,42.87,43.10,53.57,1451
14-Feb,12 PM,14.83,42.04,43.36,26.78,1452
14-Feb,1 PM,15.04,44.53,41.23,194.41,1453
14-Feb,2 PM,16.98,51.97,38.46,34.79,1454
14-Feb,3 PM,15.73,48.75,40.56,19.10,1455
14-Feb,4 PM,15.07,43.83,42.48,25.19,1456
14-Feb,5 PM,17.75,49.48,39.82,42.26,1457
14-Feb,6 PM,18.94,56.48,36.50,2.66,1458
14-Feb,7 PM,25.64,59.61,34.90,84.23,1459
14-Feb,8 PM,5.41,67.26,31.23,231.48,1460
14-Feb,9 PM,4.47,66.78,31.37,16.14,1461
14-Feb,10 PM,7.19,69.30,30.54,74.59,1462
14-Feb,11 PM,10.62,69.32,30.71,15.13,1463
15-Feb,12 AM,11.61,67.60,31.02,1.08,1464
15-Feb,1 AM,12.65,67.71,30.77,0.00,1465
15-Feb,2 AM,11.82,67.71,30.78,0.00,1466
15-Feb,3 AM,13.53,67.35,30.94,0.00,1467
15-Feb,4 AM,14.27,67.57,30.94,0.00,1468
15-Feb,5 AM,16.89,68.04,30.61,0.00,1469
15-Feb,6 AM,17.33,67.99,30.53,0.28,1470
15-Feb,7 AM,14.74,67.41,31.01,0.00,1471
15-Feb,8 AM,18.54,63.62,33.17,0.00,1472
15-Feb,9 AM,19.34,55.38,36.39,156.83,1473
15-Feb,10 AM,19.95,53.09,35.71,291.06,1474
15-Feb,11 AM,19.66,51.85,36.41,269.37,1475
15-Feb,12 PM,17.16,50.59,37.14,198.06,1476
15-Feb,1 PM,12.65,45.27,39.28,282.44,1477
15-Feb,2 PM,11.58,45.27,39.20,195.36,1478
15-Feb,3 PM,12.51,45.76,39.23,151.14,1479
15-Feb,4 PM,11.73,46.65,38.66,93.59,1480
15-Feb,5 PM,15.46,49.18,37.67,5.58,1481
15-Feb,6 PM,24.66,51.62,36.85,0.00,1482
15-Feb,7 PM,21.11,54.26,35.81,0.57,1483
15-Feb,8 PM,25.09,55.90,35.22,0.00,1484
15-Feb,9 PM,21.14,57.08,34.82,0.00,1485
15-Feb,10 PM,18.03,58.28,34.60,0.00,1486
15-Feb,11 PM,19.03,60.03,33.90,0.00,1487
16-Feb,12 AM,28.86,61.90,33.25,0.00,1488
16-Feb,1 AM,45.39,62.76,32.46,0.40,1489
16-Feb,2 AM,45.88,63.31,32.07,0.00,1490
16-Feb,3 AM,47.94,63.80,31.72,0.00,1491
16-Feb,4 AM,47.01,64.17,31.54,0.00,1492
16-Feb,5 AM,48.22,64.32,31.46,0.00,1493
16-Feb,6 AM,48.55,64.34,31.56,0.00,1494
16-Feb,7 AM,48.21,63.84,32.17,0.00,1495
16-Feb,8 AM,43.85,61.01,33.39,42.03,1496
16-Feb,9 AM,26.81,56.30,34.87,96.12,1497
16-Feb,10 AM,17.38,49.03,38.10,40.90,1498
16-Feb,11 AM,14.00,46.25,38.92,160.31,1499
16-Feb,12 PM,11.95,44.58,39.94,207.63,1500
16-Feb,1 PM,9.95,46.14,39.35,133.48,1501
16-Feb,2 PM,9.93,49.15,38.42,97.33,1502
16-Feb,3 PM,10.32,48.82,39.05,85.78,1503
16-Feb,4 PM,11.74,50.20,38.38,47.63,1504
16-Feb,5 PM,22.21,52.88,37.09,29.62,1505
16-Feb,6 PM,14.12,55.30,35.94,2.38,1506
16-Feb,7 PM,15.03,55.81,35.44,0.00,1507
16-Feb,8 PM,15.47,56.91,34.93,0.00,1508
16-Feb,9 PM,16.51,58.11,34.51,0.00,1509
16-Feb,10 PM,18.15,59.71,33.85,0.00,1510
16-Feb,11 PM,19.76,61.31,33.28,0.00,1511
